{"ts": "2026-06-10T09:58:12.563685+00:00", "level": "INFO", "logger": "pipeline.logging_config", "scraper": "logging_config", "msg": "[Logging] Initialisé — level=INFO | fichier=/Users/raphc/Projet-detude/v2/Projet-d-etude/pipeline/logs/pipeline_20260610T095812.jsonl"}
{"ts": "2026-06-10T09:58:12.563802+00:00", "level": "INFO", "logger": "__main__", "scraper": "__main__", "msg": "=================================================="}
{"ts": "2026-06-10T09:58:12.563883+00:00", "level": "INFO", "logger": "__main__", "scraper": "__main__", "msg": "Lancement : ASOS"}
{"ts": "2026-06-10T09:58:12.563915+00:00", "level": "INFO", "logger": "__main__", "scraper": "__main__", "msg": "=================================================="}
{"ts": "2026-06-10T09:58:23.566531+00:00", "level": "INFO", "logger": "pipeline.scrapers.asos", "scraper": "asos", "msg": "[ASOS] keyStoreDataversion = 7qyyrb1-46"}
{"ts": "2026-06-10T09:58:23.567755+00:00", "level": "INFO", "logger": "pipeline.scrapers.asos", "scraper": "asos", "msg": "[ASOS] Adulte/Homme/Vêtement — t-shirts-et-debardeurs"}
{"ts": "2026-06-10T09:58:43.195034+00:00", "level": "INFO", "logger": "pipeline.scrapers.asos", "scraper": "asos", "msg": "[ASOS] 71 URLs trouvées"}
{"ts": "2026-06-10T09:58:54.327300+00:00", "level": "INFO", "logger": "pipeline.scrapers.asos", "scraper": "asos", "msg": "  ✓ Bershka - T-shirt à manches courtes - Blanc — 9.99€ — ['XS', 'S', 'M', 'L', 'XL', 'XXL']"}
{"ts": "2026-06-10T09:59:06.635933+00:00", "level": "INFO", "logger": "pipeline.scrapers.asos", "scraper": "asos", "msg": "  ✓ Bershka - T-shirt à manches courtes - Noir — 9.99€ — ['XS', 'S', 'M', 'L', 'XL', 'XXL']"}
{"ts": "2026-06-10T09:59:18.858600+00:00", "level": "INFO", "logger": "pipeline.scrapers.asos", "scraper": "asos", "msg": "  ✓ Bershka - Débardeur côtelé - Blanc — 12.99€ — ['XS', 'S', 'M', 'L', 'XL']"}
{"ts": "2026-06-10T09:59:30.776973+00:00", "level": "INFO", "logger": "pipeline.scrapers.asos", "scraper": "asos", "msg": "  ✓ River Island - T-shirt oversize - Blanc — 15.99€ — ['XS', 'S', 'M', 'L', 'XL']"}
{"ts": "2026-06-10T09:59:40.293448+00:00", "level": "INFO", "logger": "pipeline.scrapers.asos", "scraper": "asos", "msg": "  ✓ Jack & Jones - T-shirt oversize à imprimé Paradise - Beige — 17.99€ — ['XS', 'S', 'M', 'L', 'XL', 'XXL', 'XXXL']"}
{"ts": "2026-06-10T09:59:52.448181+00:00", "level": "INFO", "logger": "pipeline.scrapers.asos", "scraper": "asos", "msg": "  ✓ Bershka - T-shirt oversize coupe carrée à manches courtes - Blanc — 15.99€ — ['XS', 'S', 'M', 'L', 'XL']"}
{"ts": "2026-06-10T10:00:01.931653+00:00", "level": "INFO", "logger": "pipeline.scrapers.asos", "scraper": "asos", "msg": "  ✓ ASOS DESIGN - T-shirt oversize épais en coton mélangé - Blanc — 22.99€ — ['XS', 'S', 'M', 'L', 'XL', 'XXL', 'XXXL']"}
{"ts": "2026-06-10T10:00:13.342900+00:00", "level": "INFO", "logger": "pipeline.scrapers.asos", "scraper": "asos", "msg": "  ✓ Jack & Jones - T-shirt oversize avec inscription au dos - Blanc — 14.99€ — ['XS', 'S', 'M', 'L', 'XL', 'XXL', 'XXXL']"}
{"ts": "2026-06-10T10:00:24.808921+00:00", "level": "INFO", "logger": "pipeline.scrapers.asos", "scraper": "asos", "msg": "  ✓ Nike - France - Coupe du monde 26 Maillot domicile - Bleu — 109.99€ — ['XS', 'S', 'M', 'L', 'XL', 'XXL']"}
{"ts": "2026-06-10T10:00:36.494613+00:00", "level": "INFO", "logger": "pipeline.scrapers.asos", "scraper": "asos", "msg": "  ✓ ASOS DESIGN - T-shirt oversize coupe carrée à texte NYC imprimé - Vert foncé — 19.99€ — ['S', 'M', 'L', 'XL']"}
{"ts": "2026-06-10T10:00:48.485662+00:00", "level": "INFO", "logger": "pipeline.scrapers.asos", "scraper": "asos", "msg": "  ✓ The North Face - Face Flower - T-shirt imprimé au dos - Blanc — 35.0€ — ['XS', 'S', 'M', 'L', 'XL', 'XXL']"}
{"ts": "2026-06-10T10:01:00.983289+00:00", "level": "INFO", "logger": "pipeline.scrapers.asos", "scraper": "asos", "msg": "  ✓ adidas Running - T-shirt avec imprimé soleil au dos - Blanc cassé — 35.0€ — ['XS', 'S', 'M', 'L', 'XL', 'XXL']"}
{"ts": "2026-06-10T10:01:11.457566+00:00", "level": "INFO", "logger": "pipeline.scrapers.asos", "scraper": "asos", "msg": "  ✓ adidas Originals - T-shirt décontracté à rayures - Blanc cassé — 40.0€ — ['XS', 'S', 'M', 'L', 'XL', 'XXL']"}
{"ts": "2026-06-10T10:01:23.226245+00:00", "level": "INFO", "logger": "pipeline.scrapers.asos", "scraper": "asos", "msg": "  ✓ JJ Rebel - T-shirt coupe classique à rayures - Crème/bleu marine — 15.95€ — ['XS', 'S', 'M', 'L', 'XL', 'XXL']"}
{"ts": "2026-06-10T10:01:35.743303+00:00", "level": "INFO", "logger": "pipeline.scrapers.asos", "scraper": "asos", "msg": "  ✓ JJ Rebel - T-shirt oversize à rayures - Blanc cassé et bleu marine — 17.99€ — ['XS', 'S', 'M', 'L', 'XL', 'XXL']"}
{"ts": "2026-06-10T10:01:47.982549+00:00", "level": "INFO", "logger": "pipeline.scrapers.asos", "scraper": "asos", "msg": "  ✓ Pull&Bear - T-shirt à manches longues rayé - Bleu — 22.99€ — ['XS', 'S', 'M', 'L', 'XL']"}
{"ts": "2026-06-10T10:02:01.996880+00:00", "level": "INFO", "logger": "pipeline.scrapers.asos", "scraper": "asos", "msg": "  ✓ Nike - T-shirt oversize à logo piment au dos - Blanc — 29.99€ — ['XS', 'S', 'M', 'L', 'XL', 'XXL']"}
{"ts": "2026-06-10T10:02:13.716504+00:00", "level": "INFO", "logger": "pipeline.scrapers.asos", "scraper": "asos", "msg": "  ✓ Nike - T-shirt oversize à logo et imprimé palmier au dos - Bleu marine — 29.99€ — ['XS', 'S', 'M', 'L', 'XL', 'XXL']"}
{"ts": "2026-06-10T10:02:25.585178+00:00", "level": "INFO", "logger": "pipeline.scrapers.asos", "scraper": "asos", "msg": "  ✓ New Balance - Sport Essentials - T-shirt - Rose vif — 35.0€ — ['XS', 'S', 'M', 'L', 'XL', 'XXL']"}
{"ts": "2026-06-10T10:02:37.511286+00:00", "level": "INFO", "logger": "pipeline.scrapers.asos", "scraper": "asos", "msg": "  ✓ Nike - Club - T-shirt - Bleu clair — 24.99€ — ['XS', 'S', 'M', 'L', 'XL', 'XXL']"}
{"ts": "2026-06-10T10:02:53.671847+00:00", "level": "INFO", "logger": "pipeline.scrapers.asos", "scraper": "asos", "msg": "  ✓ ASOS DESIGN - Lot de 2 t-shirts basiques oversize - Noir et blanc — 19.99€ — ['XS', 'S', 'M', 'L', 'XL', 'XXL', 'XXXL']"}
{"ts": "2026-06-10T10:03:07.406848+00:00", "level": "INFO", "logger": "pipeline.scrapers.asos", "scraper": "asos", "msg": "  ✓ Hollister - Everyday - Lot de 5 t-shirts - Tons neutres et bleus — 65.95€ — ['XS', 'S', 'M', 'L', 'XL', 'XXL']"}
{"ts": "2026-06-10T10:03:19.147189+00:00", "level": "INFO", "logger": "pipeline.scrapers.asos", "scraper": "asos", "msg": "  ✓ 4505 - Icon - Lot de 2 débardeurs de sport en mesh à séchage rapide - Gris foncé et blanc — 27.99€ — ['XS', 'S', 'M', 'L', 'XL', 'XXL']"}
{"ts": "2026-06-10T10:03:32.032542+00:00", "level": "INFO", "logger": "pipeline.scrapers.asos", "scraper": "asos", "msg": "  ✓ Bershka - Lot de 2 t-shirts basiques à manches courtes - Blanc — 17.99€ — ['XS', 'S', 'M', 'L', 'XL']"}
{"ts": "2026-06-10T10:03:44.341949+00:00", "level": "INFO", "logger": "pipeline.scrapers.asos", "scraper": "asos", "msg": "  ✓ 4505 - Icon - Débardeur slim sans coutures en tissu côtelé - Blanc — 17.99€ — ['XS', 'S', 'M', 'L', 'XL', 'XXL']"}
{"ts": "2026-06-10T10:03:55.864524+00:00", "level": "INFO", "logger": "pipeline.scrapers.asos", "scraper": "asos", "msg": "  ✓ ASOS DESIGN - Débardeur oversize avec imprimé Green Day - Noir délavé — 22.99€ — ['XS', 'S', 'M', 'L', 'XL', 'XXL']"}
{"ts": "2026-06-10T10:04:07.971226+00:00", "level": "INFO", "logger": "pipeline.scrapers.asos", "scraper": "asos", "msg": "  ✓ ONLY & SONS - Débardeur oversize avec imprimé harmonie au dos - Anthracite — 16.99€ — ['XS', 'S', 'M', 'L', 'XL', 'XXL']"}
{"ts": "2026-06-10T10:04:18.139153+00:00", "level": "INFO", "logger": "pipeline.scrapers.asos", "scraper": "asos", "msg": "  ✓ 4505 - Débardeur de sport côtelé ajusté sans coutures à encolure carrée - Noir — 19.99€ — ['XS', 'S', 'M', 'L', 'XL']"}
{"ts": "2026-06-10T10:04:28.999483+00:00", "level": "INFO", "logger": "pipeline.scrapers.asos", "scraper": "asos", "msg": "  ✓ COLLUSION - T-shirt manches longues - Blanc — 12.99€ — ['XS', 'S', 'M', 'L', 'XL', 'XXL', 'XXXL']"}
{"ts": "2026-06-10T10:04:40.039902+00:00", "level": "INFO", "logger": "pipeline.scrapers.asos", "scraper": "asos", "msg": "  ✓ Bershka - Débardeur côtelé - Noir — 12.99€ — ['XS', 'S', 'M', 'L', 'XL']"}
{"ts": "2026-06-10T10:04:51.485189+00:00", "level": "INFO", "logger": "pipeline.scrapers.asos", "scraper": "asos", "msg": "  ✓ Bershka - T-shirt basique sans manches - Noir — 9.99€ — ['XS', 'S', 'M', 'L', 'XL']"}
{"ts": "2026-06-10T10:05:04.248242+00:00", "level": "INFO", "logger": "pipeline.scrapers.asos", "scraper": "asos", "msg": "  ✓ The North Face - Proud - T-shirt à logo - Beige — 30.0€ — ['XS', 'S', 'M', 'L', 'XL', 'XXL']"}
{"ts": "2026-06-10T10:05:14.036676+00:00", "level": "INFO", "logger": "pipeline.scrapers.asos", "scraper": "asos", "msg": "  ✓ ASOS DESIGN - T-shirt basique moulant à manches longues - Noir — 10.99€ — ['XS', 'S', 'M', 'L', 'XL', 'XXL', 'XXXL']"}
{"ts": "2026-06-10T10:05:25.295768+00:00", "level": "INFO", "logger": "pipeline.scrapers.asos", "scraper": "asos", "msg": "  ✓ ASOS DESIGN - T-shirt gaufré coupe carrée oversize à manches longues et col tunisien - Crème — 29.99€ — ['S', 'M', 'L', 'XL']"}
{"ts": "2026-06-10T10:05:35.382195+00:00", "level": "INFO", "logger": "pipeline.scrapers.asos", "scraper": "asos", "msg": "  ✓ Only & Sons - T-shirt en tissu gaufré à manches longues et col boutonné - Noir — 30.99€ — ['XS', 'S', 'M', 'L', 'XL', 'XXL', 'XXXL']"}
{"ts": "2026-06-10T10:05:47.386119+00:00", "level": "INFO", "logger": "pipeline.scrapers.asos", "scraper": "asos", "msg": "  ✓ adidas Originals - T-shirt à manches longues et liserés contrastants - Bleu clair et bleu marine — 50.0€ — ['XS', 'S', 'M', 'L', 'XL', 'XXL']"}
{"ts": "2026-06-10T10:05:57.824083+00:00", "level": "INFO", "logger": "pipeline.scrapers.asos", "scraper": "asos", "msg": "  ✓ Bershka - T-shirt oversize coupe carré à manches courtes - Noir — 15.99€ — ['XS', 'S', 'M', 'L', 'XL']"}
{"ts": "2026-06-10T10:06:08.146172+00:00", "level": "INFO", "logger": "pipeline.scrapers.asos", "scraper": "asos", "msg": "  ✓ Bershka - T-shirt à manches courtes - Rose — 9.99€ — ['XS', 'S', 'M', 'L', 'XL', 'XXL']"}
{"ts": "2026-06-10T10:06:18.412922+00:00", "level": "INFO", "logger": "pipeline.scrapers.asos", "scraper": "asos", "msg": "  ✓ adidas Originals - Essentials - T-shirt ample - Noir — 25.0€ — ['XS', 'S', 'M', 'L', 'XL', 'XXL']"}
{"ts": "2026-06-10T10:06:30.919512+00:00", "level": "INFO", "logger": "pipeline.scrapers.asos", "scraper": "asos", "msg": "  ✓ ONLY & SONS - T-shirt oversize avec imprimé Palm Coast au dos - Blanc — 14.49€ — ['XS', 'S', 'M', 'L', 'XL', 'XXL']"}
{"ts": "2026-06-10T10:06:42.758585+00:00", "level": "INFO", "logger": "pipeline.scrapers.asos", "scraper": "asos", "msg": "  ✓ The North Face - Face Flower - T-shirt imprimé au dos - Noir — 35.0€ — ['XS', 'S', 'M', 'L', 'XL', 'XXL']"}
{"ts": "2026-06-10T10:06:53.151880+00:00", "level": "INFO", "logger": "pipeline.scrapers.asos", "scraper": "asos", "msg": "  ✓ adidas Originals - Essentials - T-shirt à logo trèfle et coutures contrastantes - Bordeaux — 25.0€ — ['XS', 'S', 'M', 'L', 'XL', 'XXL']"}
{"ts": "2026-06-10T10:07:04.984082+00:00", "level": "INFO", "logger": "pipeline.scrapers.asos", "scraper": "asos", "msg": "  ✓ Jack & Jones - Chemise à imprimé fenêtre et paysage au dos - Blanc — 17.99€ — ['XS', 'S', 'M', 'L', 'XL', 'XXL']"}
{"ts": "2026-06-10T10:07:16.728369+00:00", "level": "INFO", "logger": "pipeline.scrapers.asos", "scraper": "asos", "msg": "  ✓ The North Face - U - T-shirt oversize à manches courtes avec logo fleur - Dune blanche et gris champignon — 30.0€ — ['XS', 'S', 'M', 'L', 'XL', 'XXL']"}
{"ts": "2026-06-10T10:07:26.901418+00:00", "level": "INFO", "logger": "pipeline.scrapers.asos", "scraper": "asos", "msg": "  ✓ 4505 - Icon - T-shirt oversize en coton épais à séchage rapide - Blanc cassé — 22.99€ — ['XS', 'S', 'M', 'L', 'XL', 'XXL']"}
{"ts": "2026-06-10T10:07:39.469052+00:00", "level": "INFO", "logger": "pipeline.scrapers.asos", "scraper": "asos", "msg": "  ✓ The North Face - Blossom - T-shirt oversize imprimé au dos - Blanc — 35.0€ — ['XS', 'S', 'M', 'L', 'XL', 'XXL']"}
{"ts": "2026-06-10T10:07:52.461735+00:00", "level": "INFO", "logger": "pipeline.scrapers.asos", "scraper": "asos", "msg": "  ✓ Bershka - T-shirt sans manches oversize avec imprimé - Anthracite — 15.99€ — ['XS', 'S', 'M', 'L', 'XL']"}
{"ts": "2026-06-10T10:08:02.891697+00:00", "level": "INFO", "logger": "pipeline.scrapers.asos", "scraper": "asos", "msg": "  ✓ Jack & Jones - T-shirt oversize avec imprimé zodiaque au dos - Noir — 14.99€ — ['XS', 'S', 'M', 'L', 'XL', 'XXL', 'XXXL']"}
{"ts": "2026-06-10T10:08:14.116956+00:00", "level": "INFO", "logger": "pipeline.scrapers.asos", "scraper": "asos", "msg": "  ✓ COLLUSION Unisex - T-shirt - Blanc — 9.99€ — ['XS', 'S', 'M', 'L', 'XL', 'XXL', 'XXXL']"}
{"ts": "2026-06-10T10:08:25.838035+00:00", "level": "INFO", "logger": "pipeline.scrapers.asos", "scraper": "asos", "msg": "  ✓ Carhartt WIP - Cloud Heart - T-shirt - Noir — 49.0€ — ['XS', 'S', 'M', 'L', 'XL', 'XXL']"}
{"ts": "2026-06-10T10:08:38.206091+00:00", "level": "INFO", "logger": "pipeline.scrapers.asos", "scraper": "asos", "msg": "  ✓ Pull&Bear - STWD - T-shirt oversize coupe carrée à logo - Blanc — 17.99€ — ['XS', 'S', 'M', 'L', 'XL', 'XXL']"}
{"ts": "2026-06-10T10:08:50.218271+00:00", "level": "INFO", "logger": "pipeline.scrapers.asos", "scraper": "asos", "msg": "  ✓ COLLUSION - Top ajusté à manches courtes et col tunisien - Blanc — 19.99€ — ['XS', 'S', 'M', 'L', 'XL', 'XXL', 'XXXL']"}
{"ts": "2026-06-10T10:09:02.689719+00:00", "level": "INFO", "logger": "pipeline.scrapers.asos", "scraper": "asos", "msg": "  ✓ ONLY & SONS - T-shirt oversize avec imprimé harmonie au dos - Vert foncé — 14.49€ — ['XS', 'S', 'M', 'L', 'XL', 'XXL']"}
{"ts": "2026-06-10T10:09:14.974268+00:00", "level": "INFO", "logger": "pipeline.scrapers.asos", "scraper": "asos", "msg": "  ✓ River Island - T-shirt oversize - Noir — 15.99€ — ['XS', 'S', 'M', 'L', 'XL']"}
{"ts": "2026-06-10T10:09:25.084803+00:00", "level": "INFO", "logger": "pipeline.scrapers.asos", "scraper": "asos", "msg": "  ✓ Jack & Jones - T-shirt oversize - Blanc — 11.99€ — ['XS', 'S', 'M', 'L', 'XL', 'XXL']"}
{"ts": "2026-06-10T10:09:35.484801+00:00", "level": "INFO", "logger": "pipeline.scrapers.asos", "scraper": "asos", "msg": "  ✓ Bershka - T-shirt à manches courtes - Marron — 9.99€ — ['XS', 'S', 'M', 'L', 'XL', 'XXL']"}
{"ts": "2026-06-10T10:09:47.485765+00:00", "level": "INFO", "logger": "pipeline.scrapers.asos", "scraper": "asos", "msg": "  ✓ Threadbare - T-shirt à manches courtes et imprimé au dos - Écru — 14.49€ — ['S', 'M', 'L', 'XL', 'XXL']"}
{"ts": "2026-06-10T10:09:59.999104+00:00", "level": "INFO", "logger": "pipeline.scrapers.asos", "scraper": "asos", "msg": "  ✓ 4505 - Icon - T-shirt oversize en coton épais à séchage rapide - Noir délavé — 22.99€ — ['XS', 'S', 'M', 'L', 'XL', 'XXL']"}
{"ts": "2026-06-10T10:10:10.873360+00:00", "level": "INFO", "logger": "pipeline.scrapers.asos", "scraper": "asos", "msg": "  ✓ The North Face - Proud - T-shirt à logo - Vert — 35.0€ — ['XS', 'S', 'M', 'L', 'XL', 'XXL']"}
{"ts": "2026-06-10T10:10:23.432227+00:00", "level": "INFO", "logger": "pipeline.scrapers.asos", "scraper": "asos", "msg": "  ✓ Carhartt WIP - Cloud Heart - T-shirt imprimé au dos - Blanc — 49.0€ — ['XS', 'S', 'M', 'L', 'XL', 'XXL']"}
{"ts": "2026-06-10T10:10:33.712971+00:00", "level": "INFO", "logger": "pipeline.scrapers.asos", "scraper": "asos", "msg": "  ✓ adidas Originals - T-shirt à motif cornichons - Blanc — 35.0€ — ['XS', 'S', 'M', 'L', 'XL', 'XXL']"}
{"ts": "2026-06-10T10:10:45.665530+00:00", "level": "INFO", "logger": "pipeline.scrapers.asos", "scraper": "asos", "msg": "  ✓ adidas Originals - Milan - T-shirt - Blanc cassé — 35.0€ — ['XS', 'S', 'M', 'L', 'XL', 'XXL']"}
{"ts": "2026-06-10T10:10:57.802613+00:00", "level": "INFO", "logger": "pipeline.scrapers.asos", "scraper": "asos", "msg": "  ✓ adidas Originals - Archive - Maillot technique - Jaune — 55.0€ — ['XS', 'S', 'M', 'L', 'XL', 'XXL']"}
{"ts": "2026-06-10T10:11:08.825478+00:00", "level": "INFO", "logger": "pipeline.scrapers.asos", "scraper": "asos", "msg": "  ✓ JJ Rebel - T-shirt avec logo sur la poitrine - Beige — 7.99€ — ['XS', 'S', 'M', 'L', 'XL', 'XXL']"}
{"ts": "2026-06-10T10:11:19.609404+00:00", "level": "INFO", "logger": "pipeline.scrapers.asos", "scraper": "asos", "msg": "  ✓ Jack & Jones - T-shirt oversize avec imprimé en japonais au dos - Noir — 10.99€ — ['XS', 'S', 'M', 'L', 'XL', 'XXL', 'XXXL']"}
{"ts": "2026-06-10T10:11:31.083947+00:00", "level": "INFO", "logger": "pipeline.scrapers.asos", "scraper": "asos", "msg": "  ✓ The North Face - Simple Dome - T-shirt à logo - Noir — 27.0€ — ['XS', 'S', 'M', 'L', 'XL', 'XXL']"}
{"ts": "2026-06-10T10:11:43.460205+00:00", "level": "INFO", "logger": "pipeline.scrapers.asos", "scraper": "asos", "msg": "  ✓ adidas Originals - T-shirt à trois bandes - Kaki et noir — 30.0€ — ['XS', 'S', 'M', 'L', 'XL', 'XXL']"}
{"ts": "2026-06-10T10:11:54.781978+00:00", "level": "INFO", "logger": "pipeline.scrapers.asos", "scraper": "asos", "msg": "  ✓ adidas Originals - Essentials - T-shirt coupe courte à logo trèfle - Bleu clair chiné — 25.0€ — ['XS', 'S', 'M', 'L', 'XL', 'XXL']"}
{"ts": "2026-06-10T10:12:05.579812+00:00", "level": "INFO", "logger": "pipeline.scrapers.asos", "scraper": "asos", "msg": "  ✓ COLLUSION Unisex - T-shirt à imprimé graphique au dos - Blanc — 17.99€ — ['XS', 'S', 'M', 'L', 'XL', 'XXL', 'XXXL']"}
{"ts": "2026-06-10T10:12:15.780230+00:00", "level": "INFO", "logger": "pipeline.scrapers.asos", "scraper": "asos", "msg": "  ✓ Pull&Bear - T-shirt à manches courtes basique en coton - Blanc — 12.99€ — ['XS', 'S', 'M', 'L', 'XL', 'XXL']"}
{"ts": "2026-06-10T10:12:26.733045+00:00", "level": "INFO", "logger": "pipeline.scrapers.asos", "scraper": "asos", "msg": "  ✓ Jack & Jones - T-shirt oversize avec imprimé texte au dos - Noir et blanc — 15.99€ — ['XS', 'S', 'M', 'L', 'XL', 'XXL']"}
{"ts": "2026-06-10T10:12:36.285207+00:00", "level": "INFO", "logger": "pipeline.scrapers.asos", "scraper": "asos", "msg": "[ASOS] Adulte/Homme/Vêtement — chemises"}
{"ts": "2026-06-10T10:12:56.483531+00:00", "level": "INFO", "logger": "pipeline.scrapers.asos", "scraper": "asos", "msg": "[ASOS] 56 URLs trouvées"}
{"ts": "2026-06-10T10:13:07.448440+00:00", "level": "INFO", "logger": "pipeline.scrapers.asos", "scraper": "asos", "msg": "  ✓ ONLY & SONS - Chemise en lin mélangé avec col à revers - Vert sauge — 35.99€ — ['XS', 'S', 'M', 'L', 'XL', 'XXL']"}
{"ts": "2026-06-10T10:13:17.729546+00:00", "level": "INFO", "logger": "pipeline.scrapers.asos", "scraper": "asos", "msg": "  ✓ Reclaimed Vintage - Chemise courte coupe carrée à manches courtes et fines rayures - Bleu et blanc — 39.99€ — ['XS', 'S', 'M', 'L']"}
{"ts": "2026-06-10T10:13:28.699886+00:00", "level": "INFO", "logger": "pipeline.scrapers.asos", "scraper": "asos", "msg": "  ✓ Jack & Jones - Chemise texturée imprimée - Blanc — 29.99€ — ['XS', 'S', 'M', 'L', 'XL', 'XXL']"}
{"ts": "2026-06-10T10:13:41.183990+00:00", "level": "INFO", "logger": "pipeline.scrapers.asos", "scraper": "asos", "msg": "  ✓ Only & Sons - Chemise en lin mélangé à manches longues - Vert sauge — 37.99€ — ['XS', 'S', 'M', 'L', 'XL', 'XXL']"}
{"ts": "2026-06-10T10:13:52.168416+00:00", "level": "INFO", "logger": "pipeline.scrapers.asos", "scraper": "asos", "msg": "  ✓ ONLY & SONS - Chemise ajustée à manches longues en lin mélangé - Blanc — 37.99€ — ['XS', 'S', 'M', 'L', 'XL', 'XXL', 'XXXL']"}
{"ts": "2026-06-10T10:14:03.383196+00:00", "level": "INFO", "logger": "pipeline.scrapers.asos", "scraper": "asos", "msg": "  ✓ ONLY & SONS - Chemise à manches longues en lin mélangé rayé - Beige — 37.99€ — ['XS', 'S', 'M', 'L', 'XL', 'XXL']"}
{"ts": "2026-06-10T10:14:15.970370+00:00", "level": "INFO", "logger": "pipeline.scrapers.asos", "scraper": "asos", "msg": "  ✓ Jack & Jones - Chemise classique en lin mélangé - Kaki — 29.99€ — ['XS', 'S', 'M', 'L', 'XL', 'XXL']"}
{"ts": "2026-06-10T10:14:26.807116+00:00", "level": "INFO", "logger": "pipeline.scrapers.asos", "scraper": "asos", "msg": "  ✓ Calvin Klein Jeans - Chemise Oxford - Jaune clair — 89.99€ — []"}
{"ts": "2026-06-10T10:14:40.740827+00:00", "level": "INFO", "logger": "pipeline.scrapers.asos", "scraper": "asos", "msg": "  ✓ Polo Ralph Lauren - Chemise manches longues à logo emblématique et rayures - Bleu — 149.99€ — ['S', 'M', 'L', 'XL']"}
{"ts": "2026-06-10T10:14:53.186651+00:00", "level": "INFO", "logger": "pipeline.scrapers.asos", "scraper": "asos", "msg": "  ✓ Jack & Jones - Chemise rayée en lin mélangé - Marron clair — 43.99€ — ['XS', 'S', 'M', 'L', 'XL', 'XXL']"}
{"ts": "2026-06-10T10:15:03.601344+00:00", "level": "INFO", "logger": "pipeline.scrapers.asos", "scraper": "asos", "msg": "  ✓ Dickies - Chemise en jean à manches courtes - Bleu brut — 69.0€ — ['XS', 'S', 'M', 'L', 'XL', 'XXL']"}
{"ts": "2026-06-10T10:15:15.832409+00:00", "level": "INFO", "logger": "pipeline.scrapers.asos", "scraper": "asos", "msg": "  ✓ Topman - Surchemise courte décontractée en sergé à manches courtes - Écru contrastant — 52.99€ — ['XS', 'S', 'M', 'L', 'XL', 'XXL']"}
{"ts": "2026-06-10T10:15:28.930308+00:00", "level": "INFO", "logger": "pipeline.scrapers.asos", "scraper": "asos", "msg": "  ✓ ASOS DESIGN - Surchemise en sergé de coton épais - Bordeaux — 23.99€ — ['XS', 'S', 'M', 'L', 'XL', 'XXL', 'XXXL']"}
{"ts": "2026-06-10T10:15:40.603250+00:00", "level": "INFO", "logger": "pipeline.scrapers.asos", "scraper": "asos", "msg": "  ✓ New Look - Surchemise oversize - Marron délavé — 34.99€ — ['XS', 'S', 'M', 'L', 'XL', 'XXL']"}
{"ts": "2026-06-10T10:15:52.920495+00:00", "level": "INFO", "logger": "pipeline.scrapers.asos", "scraper": "asos", "msg": "  ✓ Free Society - Chemise de plage à manches courtes et imprimé abstrait - Beige — 46.99€ — ['M', 'XL', 'S', 'L', 'XXL']"}
{"ts": "2026-06-10T10:16:04.810140+00:00", "level": "INFO", "logger": "pipeline.scrapers.asos", "scraper": "asos", "msg": "  ✓ JJ Rebel - Chemise habillée - Blanc — 17.99€ — ['XS', 'S', 'M', 'L', 'XL', 'XXL']"}
{"ts": "2026-06-10T10:16:17.164679+00:00", "level": "INFO", "logger": "pipeline.scrapers.asos", "scraper": "asos", "msg": "  ✓ Topman - Chemise transparente oversize à rayures - Écru — 49.99€ — ['XS', 'S', 'M', 'L', 'XL', 'XXL']"}
{"ts": "2026-06-10T10:16:29.269453+00:00", "level": "INFO", "logger": "pipeline.scrapers.asos", "scraper": "asos", "msg": "  ✓ Jack & Jones - Chemise en lin mélangé à enfiler - Blanc — 21.99€ — ['XS', 'S', 'M', 'L', 'XL', 'XXL', 'XXXL']"}
{"ts": "2026-06-10T10:16:39.902647+00:00", "level": "INFO", "logger": "pipeline.scrapers.asos", "scraper": "asos", "msg": "  ✓ Jack & Jones - Chemise manches courtes en popeline - Blanc — 16.99€ — ['XS', 'S', 'M', 'L', 'XL', 'XXL', 'XXXL']"}
{"ts": "2026-06-10T10:16:52.022887+00:00", "level": "INFO", "logger": "pipeline.scrapers.asos", "scraper": "asos", "msg": "  ✓ Jack & Jones - Chemise ajustée rayée à manches courtes - Beige — 14.99€ — ['XS', 'S', 'M', 'L', 'XL', 'XXL', 'XXXL']"}
{"ts": "2026-06-10T10:17:02.620789+00:00", "level": "INFO", "logger": "pipeline.scrapers.asos", "scraper": "asos", "msg": "  ✓ Jack & Jones - Chemise rayée à manches courtes - Kaki — 39.99€ — ['XS', 'S', 'M', 'L', 'XL', 'XXL']"}
{"ts": "2026-06-10T10:17:14.105497+00:00", "level": "INFO", "logger": "pipeline.scrapers.asos", "scraper": "asos", "msg": "  ✓ Jack & Jones - Chemise rayée au crochet à manches courtes - Vert clair — 48.95€ — ['XS', 'S', 'M', 'L', 'XL', 'XXL']"}
{"ts": "2026-06-10T10:17:27.373034+00:00", "level": "INFO", "logger": "pipeline.scrapers.asos", "scraper": "asos", "msg": "  ✓ Bershka - Chemise brodée à manches longues - Bleu clair — 35.99€ — ['XS', 'S', 'M', 'L', 'XL']"}
{"ts": "2026-06-10T10:17:38.038088+00:00", "level": "INFO", "logger": "pipeline.scrapers.asos", "scraper": "asos", "msg": "  ✓ COLLUSION - Chemise oversize coupe carrée à manches longues et carreaux texturés - Rose — 37.99€ — ['XS', 'S', 'M', 'L', 'XL', 'XXL', 'XXXL']"}
{"ts": "2026-06-10T10:17:48.463020+00:00", "level": "INFO", "logger": "pipeline.scrapers.asos", "scraper": "asos", "msg": "  ✓ COLLUSION - Chemise oversize texturée à carreaux et manches longues - Orange — 37.99€ — ['XS', 'S', 'M', 'L', 'XL', 'XXL', 'XXXL']"}
{"ts": "2026-06-10T10:17:58.435849+00:00", "level": "INFO", "logger": "pipeline.scrapers.asos", "scraper": "asos", "msg": "  ✓ Jack & Jones - Chemise à carreaux courte en lin mélangé avec manches courtes - Kaki — 39.99€ — ['XS', 'S', 'M', 'L', 'XL', 'XXL']"}
{"ts": "2026-06-10T10:18:09.528218+00:00", "level": "INFO", "logger": "pipeline.scrapers.asos", "scraper": "asos", "msg": "  ✓ Jack & Jones - Chemise à carreaux courte en lin mélangé avec manches courtes - Noir — 39.99€ — ['XS', 'S', 'M', 'L', 'XL', 'XXL']"}
{"ts": "2026-06-10T10:18:21.110952+00:00", "level": "INFO", "logger": "pipeline.scrapers.asos", "scraper": "asos", "msg": "  ✓ Polo Ralph Lauren - Chemise rayée à logo emblématique - Violet clair — 129.99€ — ['S', 'M', 'L', 'XL', 'XXL']"}
{"ts": "2026-06-10T10:18:31.446732+00:00", "level": "INFO", "logger": "pipeline.scrapers.asos", "scraper": "asos", "msg": "  ✓ Jack & Jones - Chemise classique en lin - Bleu clair — 29.99€ — ['XS', 'S', 'M', 'L', 'XL', 'XXL']"}
{"ts": "2026-06-10T10:18:42.856277+00:00", "level": "INFO", "logger": "pipeline.scrapers.asos", "scraper": "asos", "msg": "  ✓ Jack & Jones - Chemise classique en lin mélangé - Beige — 29.99€ — ['XS', 'S', 'M', 'L', 'XL', 'XXL']"}
{"ts": "2026-06-10T10:18:54.593784+00:00", "level": "INFO", "logger": "pipeline.scrapers.asos", "scraper": "asos", "msg": "  ✓ JJ Rebel - Chemise habillée - Bleu clair — 18.0€ — ['XS', 'S', 'M', 'L', 'XL', 'XXL']"}
{"ts": "2026-06-10T10:19:06.011010+00:00", "level": "INFO", "logger": "pipeline.scrapers.asos", "scraper": "asos", "msg": "  ✓ Jack & Jones - Chemise en lin mélangé - Rose — 43.99€ — ['XS', 'S', 'M', 'L', 'XL', 'XXL']"}
{"ts": "2026-06-10T10:19:17.690092+00:00", "level": "INFO", "logger": "pipeline.scrapers.asos", "scraper": "asos", "msg": "  ✓ Only & Sons - Chemise à col officier en lin mélangé - Vert sauge — 37.99€ — ['XS', 'S', 'M', 'L', 'XL', 'XXL']"}
{"ts": "2026-06-10T10:19:29.155565+00:00", "level": "INFO", "logger": "pipeline.scrapers.asos", "scraper": "asos", "msg": "  ✓ Jack & Jones - Chemise texturée imprimée - Bleu marine — 29.99€ — ['XS', 'S', 'M', 'L', 'XL', 'XXL']"}
{"ts": "2026-06-10T10:19:39.588048+00:00", "level": "INFO", "logger": "pipeline.scrapers.asos", "scraper": "asos", "msg": "  ✓ Jack & Jones - Chemise à manches courtes en lin mélangé - Bleu clair — 29.99€ — ['XS', 'S', 'M', 'L', 'XL', 'XXL']"}
{"ts": "2026-06-10T10:19:49.662576+00:00", "level": "INFO", "logger": "pipeline.scrapers.asos", "scraper": "asos", "msg": "  ✓ Selected - Chemise à manches longues en pur coton - Bleu clair — 59.99€ — ['XS', 'S', 'M', 'L', 'XL', 'XXL']"}
{"ts": "2026-06-10T10:20:01.839627+00:00", "level": "INFO", "logger": "pipeline.scrapers.asos", "scraper": "asos", "msg": "  ✓ Polo Ralph Lauren - Chemise manches courtes en lin à logo emblématique - Blanc — 204.99€ — ['S', 'M', 'L', 'XL']"}
{"ts": "2026-06-10T10:20:13.695878+00:00", "level": "INFO", "logger": "pipeline.scrapers.asos", "scraper": "asos", "msg": "  ✓ Jack & Jones - Chemise à manches courtes en lin mélangé - Vert foncé — 29.99€ — ['XS', 'S', 'M', 'L', 'XL', 'XXL']"}
{"ts": "2026-06-10T10:20:24.396144+00:00", "level": "INFO", "logger": "pipeline.scrapers.asos", "scraper": "asos", "msg": "  ✓ Jack & Jones - Chemise plissée - Kaki — 29.99€ — ['XS', 'S', 'M', 'L', 'XL', 'XXL']"}
{"ts": "2026-06-10T10:20:36.070249+00:00", "level": "INFO", "logger": "pipeline.scrapers.asos", "scraper": "asos", "msg": "  ✓ Rebel Rebel - Fabian - Chemise coupe carrée en maille crochetée à manches courtes - Blanc multicolore — 48.0€ — ['XS', 'S', 'M', 'L', 'XL', 'XXL']"}
{"ts": "2026-06-10T10:20:46.172246+00:00", "level": "INFO", "logger": "pipeline.scrapers.asos", "scraper": "asos", "msg": "  ✓ Jack & Jones - Chemise en viscose à manches courtes - Noir — 29.99€ — ['XS', 'S', 'M', 'L', 'XL', 'XXL']"}
{"ts": "2026-06-10T10:20:56.257672+00:00", "level": "INFO", "logger": "pipeline.scrapers.asos", "scraper": "asos", "msg": "  ✓ Polo Ralph Lauren - Chemise à manches longues en sergé de coton à logo emblématique - Blanc — 181.99€ — ['S', 'M', 'L', 'XL']"}
{"ts": "2026-06-10T10:21:08.225143+00:00", "level": "INFO", "logger": "pipeline.scrapers.asos", "scraper": "asos", "msg": "  ✓ Jack & Jones - Chemise texturée à manches courtes - Kaki — 34.99€ — ['XS', 'S', 'M', 'L', 'XL', 'XXL']"}
{"ts": "2026-06-10T10:21:20.003865+00:00", "level": "INFO", "logger": "pipeline.scrapers.asos", "scraper": "asos", "msg": "  ✓ Jack & Jones - Chemise en lin mélangé à manches longues - Noir — 43.99€ — ['XS', 'S', 'M', 'L', 'XL', 'XXL']"}
{"ts": "2026-06-10T10:21:32.208945+00:00", "level": "INFO", "logger": "pipeline.scrapers.asos", "scraper": "asos", "msg": "  ✓ Jack & Jones - Chemise ajustée à manches courtes et motif floral - Neutre — 14.99€ — ['XS', 'S', 'M', 'L', 'XL', 'XXL', 'XXXL']"}
{"ts": "2026-06-10T10:21:42.487800+00:00", "level": "INFO", "logger": "pipeline.scrapers.asos", "scraper": "asos", "msg": "  ✓ Jack & Jones - Chemise en lin mélangé avec col grand-père - Kaki — 29.99€ — ['XS', 'S', 'M', 'L', 'XL', 'XXL']"}
{"ts": "2026-06-10T10:21:53.754032+00:00", "level": "INFO", "logger": "pipeline.scrapers.asos", "scraper": "asos", "msg": "  ✓ Brave Soul - Chemise texturée à manches courtes avec col à revers - Blanc — 31.99€ — ['S', 'M', 'L', 'XL', 'XXL']"}
{"ts": "2026-06-10T10:22:04.266318+00:00", "level": "INFO", "logger": "pipeline.scrapers.asos", "scraper": "asos", "msg": "  ✓ Threadbare - Chemise rayée à manches courtes et col polo - Bleu marine et blanc — 24.99€ — ['S', 'M', 'L', 'XL', 'XXL']"}
{"ts": "2026-06-10T10:22:16.564953+00:00", "level": "INFO", "logger": "pipeline.scrapers.asos", "scraper": "asos", "msg": "  ✓ Topman - Chemise courte décontractée avec fleurs appliquées effet corde - Taupe — 59.99€ — ['XS', 'S', 'M', 'L', 'XL', 'XXL']"}
{"ts": "2026-06-10T10:22:27.947410+00:00", "level": "INFO", "logger": "pipeline.scrapers.asos", "scraper": "asos", "msg": "  ✓ Only & Sons - Polo décontracté en lin mélangé - Crème — 39.99€ — ['XS', 'S', 'M', 'L', 'XL', 'XXL']"}
{"ts": "2026-06-10T10:22:39.172862+00:00", "level": "INFO", "logger": "pipeline.scrapers.asos", "scraper": "asos", "msg": "  ✓ Jack & Jones - Chemise en maille à manches courtes - Blanc cassé — 34.99€ — ['XS', 'S', 'M', 'L', 'XL', 'XXL']"}
{"ts": "2026-06-10T10:22:49.802953+00:00", "level": "INFO", "logger": "pipeline.scrapers.asos", "scraper": "asos", "msg": "  ✓ COLLUSION Unisex - Chemise oversize rayée coupe carrée à manches longues - Bleu — 44.99€ — ['XS', 'S', 'M', 'L', 'XL', 'XXL', 'XXXL']"}
{"ts": "2026-06-10T10:23:02.555876+00:00", "level": "INFO", "logger": "pipeline.scrapers.asos", "scraper": "asos", "msg": "  ✓ Jack & Jones - Chemise Oxford à manches courtes - Bleu — 18.99€ — ['XS', 'S', 'M', 'L', 'XL', 'XXL', 'XXXL']"}
{"ts": "2026-06-10T10:23:14.712216+00:00", "level": "INFO", "logger": "pipeline.scrapers.asos", "scraper": "asos", "msg": "  ✓ ASOS DESIGN - Chemise Oxford Royal ajustée à repassage facile - Blanc — 42.99€ — ['XS', 'S', 'M', 'L', 'XL', 'XXL', 'XXXL']"}
{"ts": "2026-06-10T10:23:24.563180+00:00", "level": "INFO", "logger": "pipeline.scrapers.asos", "scraper": "asos", "msg": "  ✓ Only & Sons - Chemise à col grand-père en lin mélangé - Blanc — 23.95€ — ['XS', 'S', 'M', 'L', 'XL', 'XXL']"}
{"ts": "2026-06-10T10:23:36.546524+00:00", "level": "INFO", "logger": "pipeline.scrapers.asos", "scraper": "asos", "msg": "  ✓ Only & Sons - Chemise au crochet à fleurs - Marron rouille et crème — 52.99€ — ['XS', 'S', 'M', 'L', 'XL', 'XXL']"}
{"ts": "2026-06-10T10:23:48.257695+00:00", "level": "INFO", "logger": "pipeline.scrapers.asos", "scraper": "asos", "msg": "[ASOS] Adulte/Homme/Vêtement — sweats-et-sweats-a-capuche"}
{"ts": "2026-06-10T10:24:08.656252+00:00", "level": "INFO", "logger": "pipeline.scrapers.asos", "scraper": "asos", "msg": "[ASOS] 71 URLs trouvées"}
{"ts": "2026-06-10T10:24:19.413152+00:00", "level": "INFO", "logger": "pipeline.scrapers.asos", "scraper": "asos", "msg": "  ✓ ASOS DESIGN - Sweat à capuche oversize en tissu épais 400 g/m² de qualité supérieure à fermeture éclair - Gris chiné — 29.99€ — ['XS', 'S', 'M', 'L', 'XL', 'XXL', 'XXXL']"}
{"ts": "2026-06-10T10:24:29.493546+00:00", "level": "INFO", "logger": "pipeline.scrapers.asos", "scraper": "asos", "msg": "  ✓ ASOS DESIGN - Sweat à capuche oversize en tissu épais 400 g/m² de qualité supérieure avec fermeture éclair - Noir — 29.99€ — ['XS', 'S', 'M', 'L', 'XL', 'XXL', 'XXXL']"}
{"ts": "2026-06-10T10:24:41.844113+00:00", "level": "INFO", "logger": "pipeline.scrapers.asos", "scraper": "asos", "msg": "  ✓ ASOS DESIGN - Polo de rugby oversize avec col contrastant - Bleu marine — 23.99€ — ['XS', 'S', 'M', 'L', 'XL', 'XXL']"}
{"ts": "2026-06-10T10:24:52.022822+00:00", "level": "INFO", "logger": "pipeline.scrapers.asos", "scraper": "asos", "msg": "  ✓ COLLUSION - Sweat à capuche oversize coupe carrée - Bleu — 27.99€ — ['XS', 'S', 'M', 'L', 'XL', 'XXL', 'XXXL']"}
{"ts": "2026-06-10T10:25:03.578661+00:00", "level": "INFO", "logger": "pipeline.scrapers.asos", "scraper": "asos", "msg": "  ✓ ASOS DESIGN - Sweat décontracté style polo à rayures - Grège chiné — 39.99€ — ['XS', 'S', 'M', 'L', 'XL', 'XXL']"}
{"ts": "2026-06-10T10:25:14.976218+00:00", "level": "INFO", "logger": "pipeline.scrapers.asos", "scraper": "asos", "msg": "  ✓ ASOS DESIGN - Sweat décontracté à imprimé et empiècements effet coupé-cousu - Noir — 37.99€ — ['XS', 'S', 'M', 'L', 'XL', 'XXL']"}
{"ts": "2026-06-10T10:25:26.842425+00:00", "level": "INFO", "logger": "pipeline.scrapers.asos", "scraper": "asos", "msg": "  ✓ ASOS DESIGN - Sweat à capuche oversize en tissu épais 400 g/m² de qualité supérieure - Noir — 27.99€ — ['XS', 'S', 'M', 'L', 'XL', 'XXL', 'XXXL']"}
{"ts": "2026-06-10T10:25:37.864423+00:00", "level": "INFO", "logger": "pipeline.scrapers.asos", "scraper": "asos", "msg": "  ✓ COLLUSION - Sweat à capuche à fermeture éclair - Vert — 25.99€ — ['XS', 'S', 'M', 'L', 'XL', 'XXL', 'XXXL']"}
{"ts": "2026-06-10T10:25:51.427879+00:00", "level": "INFO", "logger": "pipeline.scrapers.asos", "scraper": "asos", "msg": "  ✓ COLLUSION - Sweat à capuche zippé coupe carrée en tissu épais - Gris — 54.99€ — ['XS', 'S', 'M', 'L', 'XL', 'XXL', 'XXXL']"}
{"ts": "2026-06-10T10:26:02.761279+00:00", "level": "INFO", "logger": "pipeline.scrapers.asos", "scraper": "asos", "msg": "  ✓ ASOS DESIGN - Sweat décontracté à col zippé avec liserés et imprimé graphique - Noir — 47.99€ — ['XS', 'S', 'M', 'L', 'XL', 'XXL']"}
{"ts": "2026-06-10T10:26:14.491600+00:00", "level": "INFO", "logger": "pipeline.scrapers.asos", "scraper": "asos", "msg": "  ✓ adidas Originals - Essentials - Sweat à capuche zippé avec logo trèfle - Gris — 49.99€ — ['XS', 'S', 'M', 'L', 'XL', 'XXL']"}
{"ts": "2026-06-10T10:26:27.105313+00:00", "level": "INFO", "logger": "pipeline.scrapers.asos", "scraper": "asos", "msg": "  ✓ Nike - Club - Sweat - Rose — 47.99€ — ['XS', 'S', 'M', 'L', 'XL', 'XXL']"}
{"ts": "2026-06-10T10:26:39.467069+00:00", "level": "INFO", "logger": "pipeline.scrapers.asos", "scraper": "asos", "msg": "  ✓ Topman - Sweat à capuche coupe carrée avec empiècement NY en maille chenille sur le devant - Bleu marine — 49.99€ — ['S', 'M', 'L', 'XL']"}
{"ts": "2026-06-10T10:26:52.751735+00:00", "level": "INFO", "logger": "pipeline.scrapers.asos", "scraper": "asos", "msg": "  ✓ AllSaints - Xander Oth - Sweat à capuche à logo graphique - Beige — 125.0€ — ['XS', 'S', 'M', 'L', 'XL', 'XXL']"}
{"ts": "2026-06-10T10:27:04.698798+00:00", "level": "INFO", "logger": "pipeline.scrapers.asos", "scraper": "asos", "msg": "  ✓ AllSaints - Knox - Sweat - Noir délavé — 138.99€ — ['XS', 'S', 'M', 'L', 'XL', 'XXL']"}
{"ts": "2026-06-10T10:27:16.107053+00:00", "level": "INFO", "logger": "pipeline.scrapers.asos", "scraper": "asos", "msg": "  ✓ AllSaints - Roque - Sweat à capuche zippé à logo graphique - Noir délavé — 141.0€ — ['XS', 'S', 'M', 'L', 'XL', 'XXL']"}
{"ts": "2026-06-10T10:27:27.623213+00:00", "level": "INFO", "logger": "pipeline.scrapers.asos", "scraper": "asos", "msg": "  ✓ AllSaints - Emblem - Sweat ras de cou à logo et imprimé au dos - Rose — 80.0€ — ['XS', 'S', 'M', 'L', 'XL', 'XXL']"}
{"ts": "2026-06-10T10:27:38.889867+00:00", "level": "INFO", "logger": "pipeline.scrapers.asos", "scraper": "asos", "msg": "  ✓ AllSaints - Asher - Sweat à capuche à logo - Sable — 90.0€ — ['XS', 'S', 'M', 'L', 'XL']"}
{"ts": "2026-06-10T10:27:50.775594+00:00", "level": "INFO", "logger": "pipeline.scrapers.asos", "scraper": "asos", "msg": "  ✓ AllSaints - Patcher - Sweat à capuche zippé avec logo brodé - Blanc cassé — 179.99€ — ['S', 'M', 'L']"}
{"ts": "2026-06-10T10:28:01.514311+00:00", "level": "INFO", "logger": "pipeline.scrapers.asos", "scraper": "asos", "msg": "  ✓ Topman - Sweat décontracté à col tunisien - Marron — 52.99€ — ['XS', 'S', 'M', 'L', 'XL', 'XXL']"}
{"ts": "2026-06-10T10:28:11.510120+00:00", "level": "INFO", "logger": "pipeline.scrapers.asos", "scraper": "asos", "msg": "  ✓ Topman - Sweat coupe carrée à rayures - Rose — 39.99€ — ['XS', 'S', 'M', 'L', 'XL', 'XXL']"}
{"ts": "2026-06-10T10:28:21.728954+00:00", "level": "INFO", "logger": "pipeline.scrapers.asos", "scraper": "asos", "msg": "  ✓ Topman - Gilet oversize en jersey - Gris — 49.99€ — ['XS', 'S', 'M', 'L', 'XL', 'XXL']"}
{"ts": "2026-06-10T10:28:33.334113+00:00", "level": "INFO", "logger": "pipeline.scrapers.asos", "scraper": "asos", "msg": "  ✓ Topman - Veste coupe carrée en jersey de qualité supérieure - Noir — 64.99€ — ['XS', 'S', 'M', 'L', 'XL', 'XXL']"}
{"ts": "2026-06-10T10:28:44.899245+00:00", "level": "INFO", "logger": "pipeline.scrapers.asos", "scraper": "asos", "msg": "  ✓ adidas Originals - Sweat-shirt à trois bandes - Gris — 60.0€ — ['XS', 'S', 'M', 'L', 'XL', 'XXL', 'XXXL']"}
{"ts": "2026-06-10T10:28:55.192187+00:00", "level": "INFO", "logger": "pipeline.scrapers.asos", "scraper": "asos", "msg": "  ✓ Polo Ralph Lauren - Sweat à manches longues avec logo blason sur le devant - Blanc — 209.99€ — ['S', 'M', 'L', 'XL']"}
{"ts": "2026-06-10T10:29:07.340819+00:00", "level": "INFO", "logger": "pipeline.scrapers.asos", "scraper": "asos", "msg": "  ✓ Polo Ralph Lauren - Sweat à manches longues avec col et logo emblématique - Blanc — 189.99€ — ['S', 'M', 'L', 'XL']"}
{"ts": "2026-06-10T10:29:18.962114+00:00", "level": "INFO", "logger": "pipeline.scrapers.asos", "scraper": "asos", "msg": "  ✓ Polo Ralph Lauren - Pull en coton à logo emblématique et demi-fermeture éclair - Vert — 169.99€ — ['S', 'M', 'L', 'XL']"}
{"ts": "2026-06-10T10:29:31.728926+00:00", "level": "INFO", "logger": "pipeline.scrapers.asos", "scraper": "asos", "msg": "  ✓ Polo Ralph Lauren - Sweat à logo emblématique en jersey à envers bouclé - Crème clubhouse — 149.99€ — ['S', 'M', 'L', 'XL']"}
{"ts": "2026-06-10T10:29:42.326244+00:00", "level": "INFO", "logger": "pipeline.scrapers.asos", "scraper": "asos", "msg": "  ✓ Polo Ralph Lauren - Sweat en maille double de jersey avec logo emblématique et demi-fermeture éclair - Blanc — 204.99€ — ['S', 'M', 'L', 'XL', 'XXL']"}
{"ts": "2026-06-10T10:29:54.102109+00:00", "level": "INFO", "logger": "pipeline.scrapers.asos", "scraper": "asos", "msg": "  ✓ PS Paul Smith - Sweat à logo zèbre - Jaune — 109.99€ — []"}
{"ts": "2026-06-10T10:30:05.745696+00:00", "level": "INFO", "logger": "pipeline.scrapers.asos", "scraper": "asos", "msg": "  ✓ adidas Originals - Polaire à capuche - Noir — 55.0€ — ['XS', 'S', 'M', 'L', 'XL']"}
{"ts": "2026-06-10T10:30:17.350355+00:00", "level": "INFO", "logger": "pipeline.scrapers.asos", "scraper": "asos", "msg": "  ✓ Polo Ralph Lauren - Pull à logo emblématique et demi-fermeture éclair - Noir — 159.99€ — ['S', 'M', 'L', 'XL', 'XXL']"}
{"ts": "2026-06-10T10:30:30.429010+00:00", "level": "INFO", "logger": "pipeline.scrapers.asos", "scraper": "asos", "msg": "  ✓ adidas Originals - Munich 93 - Sweat ras de cou - Vert universitaire — 70.0€ — ['XS', 'S', 'M', 'L', 'XL', 'XXL']"}
{"ts": "2026-06-10T10:30:42.741309+00:00", "level": "INFO", "logger": "pipeline.scrapers.asos", "scraper": "asos", "msg": "  ✓ Polo Ralph Lauren - Pull en coton à logo emblématique et demi-fermeture éclair - Bleu marine — 159.99€ — ['S', 'M', 'L', 'XL']"}
{"ts": "2026-06-10T10:30:55.042044+00:00", "level": "INFO", "logger": "pipeline.scrapers.asos", "scraper": "asos", "msg": "  ✓ ASOS DESIGN - Sweat à capuche zippé coupe carrée décontractée en tissu épais imitation néoprène - Noir — 34.99€ — ['XS', 'S', 'M', 'L', 'XL', 'XXL']"}
{"ts": "2026-06-10T10:31:06.597060+00:00", "level": "INFO", "logger": "pipeline.scrapers.asos", "scraper": "asos", "msg": "  ✓ Courtside - Sweat à capuche ornementé à fermeture éclair - Noir — 104.0€ — ['S', 'M', 'L', 'XL', 'XXL']"}
{"ts": "2026-06-10T10:31:16.911218+00:00", "level": "INFO", "logger": "pipeline.scrapers.asos", "scraper": "asos", "msg": "  ✓ ASOS DESIGN - Polo de rugby ultra oversize avec col contrastant - Gris chiné — 22.99€ — ['XS', 'S', 'M', 'L', 'XL', 'XXL']"}
{"ts": "2026-06-10T10:31:28.783638+00:00", "level": "INFO", "logger": "pipeline.scrapers.asos", "scraper": "asos", "msg": "  ✓ ASOS DESIGN - Sweat à capuche zippé coupe carrée décontractée en tissu épais imitation néoprène - Gris givré — 34.99€ — ['XS', 'S', 'M', 'L', 'XL', 'XXL']"}
{"ts": "2026-06-10T10:31:39.925414+00:00", "level": "INFO", "logger": "pipeline.scrapers.asos", "scraper": "asos", "msg": "  ✓ ASOS DESIGN - Sweat-shirt oversize style polo de rugby à rayures et imprimé graphique - Bleu marine — 42.99€ — ['XS', 'S', 'M', 'L', 'XL', 'XXL']"}
{"ts": "2026-06-10T10:31:51.246916+00:00", "level": "INFO", "logger": "pipeline.scrapers.asos", "scraper": "asos", "msg": "  ✓ The North Face - Simple Dome - Sweat à capuche zippé léger à logo - Noir — 59.99€ — ['XS', 'S', 'M', 'L', 'XL', 'XXL']"}
{"ts": "2026-06-10T10:32:02.364314+00:00", "level": "INFO", "logger": "pipeline.scrapers.asos", "scraper": "asos", "msg": "  ✓ Nike - Club - Sweat à capuche - Bleu clair — 49.99€ — ['XS', 'S', 'M', 'L', 'XL', 'XXL']"}
{"ts": "2026-06-10T10:32:12.649838+00:00", "level": "INFO", "logger": "pipeline.scrapers.asos", "scraper": "asos", "msg": "  ✓ ASOS DESIGN - Sweat ultra oversize à fleurs - Rouge surteint — 37.99€ — ['XS', 'S', 'M', 'L', 'XL', 'XXL']"}
{"ts": "2026-06-10T10:32:23.100253+00:00", "level": "INFO", "logger": "pipeline.scrapers.asos", "scraper": "asos", "msg": "  ✓ ASOS DESIGN - Sweat à capuche ultra oversize coupe carrée avec imprimé et liseré - Bleu marine — 44.99€ — ['XS', 'S', 'M', 'L', 'XL', 'XXL']"}
{"ts": "2026-06-10T10:32:35.228055+00:00", "level": "INFO", "logger": "pipeline.scrapers.asos", "scraper": "asos", "msg": "  ✓ Weekday - Simon - Sweat à capuche zippé en imitation néoprène - Noir — 67.99€ — ['XS', 'S', 'M', 'L', 'XL']"}
{"ts": "2026-06-10T10:32:47.358986+00:00", "level": "INFO", "logger": "pipeline.scrapers.asos", "scraper": "asos", "msg": "  ✓ ASOS DESIGN - Essentials - Sweat à capuche zippé coupe carrée décontractée - Bleu marine — 34.99€ — ['XS', 'S', 'M', 'L', 'XL', 'XXL']"}
{"ts": "2026-06-10T10:32:57.033639+00:00", "level": "INFO", "logger": "pipeline.scrapers.asos", "scraper": "asos", "msg": "  ✓ ASOS DESIGN - Essentials - Sweat à col zippé - Noir — 29.99€ — ['XS', 'S', 'M', 'L', 'XL', 'XXL']"}
{"ts": "2026-06-10T10:33:10.349304+00:00", "level": "INFO", "logger": "pipeline.scrapers.asos", "scraper": "asos", "msg": "  ✓ ASOS DESIGN - Sweat à capuche décontracté en tissu épais imitation néoprène - Gris chiné — 33.99€ — ['XS', 'S', 'M', 'L', 'XL', 'XXL']"}
{"ts": "2026-06-10T10:33:21.970936+00:00", "level": "INFO", "logger": "pipeline.scrapers.asos", "scraper": "asos", "msg": "  ✓ ASOS DESIGN - Sweat décontracté coupe carrée à col zippé - Sauge — 23.99€ — ['XS', 'S', 'M', 'L', 'XL', 'XXL']"}
{"ts": "2026-06-10T10:33:34.003078+00:00", "level": "INFO", "logger": "pipeline.scrapers.asos", "scraper": "asos", "msg": "  ✓ Nike - Club - Sweat-shirt à logo et col zippé - Noir — 54.99€ — ['XS', 'S', 'M', 'L', 'XL', 'XXL']"}
{"ts": "2026-06-10T10:33:46.270767+00:00", "level": "INFO", "logger": "pipeline.scrapers.asos", "scraper": "asos", "msg": "  ✓ COLLUSION Unisex - Sweat à capuche oversize coupe carrée à logo - Bleu pastel — 34.99€ — ['XS', 'S', 'M', 'L', 'XL', 'XXL', 'XXXL']"}
{"ts": "2026-06-10T10:33:57.535388+00:00", "level": "INFO", "logger": "pipeline.scrapers.asos", "scraper": "asos", "msg": "  ✓ Carhartt WIP - Sweat à capuche zippé avec motif éclaboussures de peinture - Marron foncé — 139.99€ — ['XS', 'S', 'M', 'L', 'XL', 'XXL']"}
{"ts": "2026-06-10T10:34:07.562483+00:00", "level": "INFO", "logger": "pipeline.scrapers.asos", "scraper": "asos", "msg": "  ✓ Carhartt WIP - Sweat à capuche avec logo spirale au dos - Gris chiné — 94.99€ — ['XS', 'S', 'M', 'L', 'XL', 'XXL']"}
{"ts": "2026-06-10T10:34:18.009336+00:00", "level": "INFO", "logger": "pipeline.scrapers.asos", "scraper": "asos", "msg": "  ✓ Nike - Solo - Sweat à capuche imprimé au dos avec logo virgule - Noir — 89.99€ — ['S', 'M', 'L', 'XL', 'XXL']"}
{"ts": "2026-06-10T10:34:31.431133+00:00", "level": "INFO", "logger": "pipeline.scrapers.asos", "scraper": "asos", "msg": "  ✓ ASOS DESIGN - Polo de rugby oversize avec col contrastant - Marron — 23.99€ — ['XS', 'S', 'M', 'L', 'XL', 'XXL']"}
{"ts": "2026-06-10T10:34:41.973989+00:00", "level": "INFO", "logger": "pipeline.scrapers.asos", "scraper": "asos", "msg": "  ✓ COLLUSION Unisex - Sweat à capuche oversize coupe carrée - Marron — 24.99€ — ['XS', 'S', 'M', 'L', 'XL', 'XXL', 'XXXL']"}
{"ts": "2026-06-10T10:34:51.923982+00:00", "level": "INFO", "logger": "pipeline.scrapers.asos", "scraper": "asos", "msg": "  ✓ adidas Originals - Essential - Sweat à capuche - Bordeaux et bleu clair — 60.0€ — ['XS', 'S', 'M', 'L', 'XL', 'XXL']"}
{"ts": "2026-06-10T10:35:02.470952+00:00", "level": "INFO", "logger": "pipeline.scrapers.asos", "scraper": "asos", "msg": "  ✓ adidas Performance - Sweat à imprimé graphique - Noir/blanc nuage — 110.0€ — ['XS', 'S', 'M', 'L', 'XL', 'XXL', 'XXXL']"}
{"ts": "2026-06-10T10:35:12.630938+00:00", "level": "INFO", "logger": "pipeline.scrapers.asos", "scraper": "asos", "msg": "  ✓ The North Face - Shispare - Polaire à logo et col zippé - Blanc cassé — 54.99€ — ['XS', 'S', 'M', 'L', 'XL', 'XXL']"}
{"ts": "2026-06-10T10:35:23.144378+00:00", "level": "INFO", "logger": "pipeline.scrapers.asos", "scraper": "asos", "msg": "  ✓ ASOS DESIGN - Sweat oversize en tissu épais 400 g/m² de qualité supérieure avec col zippé - Gris chiné — 37.99€ — ['XS', 'S', 'M', 'L', 'XL', 'XXL', 'XXXL']"}
{"ts": "2026-06-10T10:35:34.546361+00:00", "level": "INFO", "logger": "pipeline.scrapers.asos", "scraper": "asos", "msg": "  ✓ Hollister - Sweat à capuche zippé avec écusson style années 2000 - Noir délavé — 59.95€ — ['XS', 'S', 'M', 'L', 'XL', 'XXL']"}
{"ts": "2026-06-10T10:35:43.835719+00:00", "level": "INFO", "logger": "pipeline.scrapers.asos", "scraper": "asos", "msg": "  ✓ The North Face - Yumiori Off Peak - Veste à col zippé - Blanc cassé — 99.99€ — ['XS', 'S', 'M', 'L', 'XL', 'XXL']"}
{"ts": "2026-06-10T10:35:55.040916+00:00", "level": "INFO", "logger": "pipeline.scrapers.asos", "scraper": "asos", "msg": "  ✓ adidas performance - Tech Apparel - Sweat à col zippé - Noir — 55.0€ — ['S', 'M', 'L', 'XL', 'XXL']"}
{"ts": "2026-06-10T10:36:04.836310+00:00", "level": "INFO", "logger": "pipeline.scrapers.asos", "scraper": "asos", "msg": "  ✓ Courtside - Sweat à capuche ornementé à fermeture éclair - Vert — 104.0€ — ['S', 'M', 'L', 'XL', 'XXL']"}
{"ts": "2026-06-10T10:36:16.066534+00:00", "level": "INFO", "logger": "pipeline.scrapers.asos", "scraper": "asos", "msg": "  ✓ ASOS DESIGN - Sweat-shirt décontracté à col zippé avec empiècements effet coupé-cousu - Vert — 27.99€ — ['XS', 'S', 'M', 'L', 'XL', 'XXL']"}
{"ts": "2026-06-10T10:36:27.168821+00:00", "level": "INFO", "logger": "pipeline.scrapers.asos", "scraper": "asos", "msg": "  ✓ ASOS DESIGN - Essentials - Sweat décontracté à col zippé - Vert foncé — 22.99€ — ['XS', 'S', 'M', 'L', 'XL', 'XXL']"}
{"ts": "2026-06-10T10:36:37.968120+00:00", "level": "INFO", "logger": "pipeline.scrapers.asos", "scraper": "asos", "msg": "  ✓ Polo Ralph Lauren - Sweat en maille jacquard double avec logo emblématique et col zippé - Noir — 204.99€ — ['S', 'M', 'L', 'XL']"}
{"ts": "2026-06-10T10:36:50.141442+00:00", "level": "INFO", "logger": "pipeline.scrapers.asos", "scraper": "asos", "msg": "  ✓ The North Face - 100 Glacier - Polaire à col zippé - Noir — 59.99€ — ['S', 'M', 'L', 'XL', 'XXL', 'XXXL']"}
{"ts": "2026-06-10T10:37:00.687691+00:00", "level": "INFO", "logger": "pipeline.scrapers.asos", "scraper": "asos", "msg": "  ✓ ASOS DESIGN - Sweat-shirt décontracté à col zippé - Bleu marine — 23.99€ — ['XS', 'S', 'M', 'L', 'XL', 'XXL']"}
{"ts": "2026-06-10T10:37:11.767893+00:00", "level": "INFO", "logger": "pipeline.scrapers.asos", "scraper": "asos", "msg": "  ✓ Hollister - Sweat à capuche zippé à capuche contrastante - Bleu marine — 59.95€ — ['XS', 'S', 'M', 'L', 'XL', 'XXL']"}
{"ts": "2026-06-10T10:37:23.222754+00:00", "level": "INFO", "logger": "pipeline.scrapers.asos", "scraper": "asos", "msg": "  ✓ Nike - Sweat à capuche zippé en tissu éponge - Bleu marine — 59.99€ — ['XS', 'S', 'M', 'L', 'XL', 'XXL']"}
{"ts": "2026-06-10T10:37:33.294041+00:00", "level": "INFO", "logger": "pipeline.scrapers.asos", "scraper": "asos", "msg": "  ✓ adidas Performance - Arsenal FC OG - Top à col zippé - Rouge écarlate — 90.0€ — ['XS', 'S', 'M', 'L', 'XL', 'XXL', 'XXXL']"}
{"ts": "2026-06-10T10:37:42.634307+00:00", "level": "INFO", "logger": "pipeline.scrapers.asos", "scraper": "asos", "msg": "[ASOS] Adulte/Homme/Vêtement — vestes-et-manteaux"}
{"ts": "2026-06-10T10:38:07.327365+00:00", "level": "INFO", "logger": "pipeline.scrapers.asos", "scraper": "asos", "msg": "[ASOS] 66 URLs trouvées"}
{"ts": "2026-06-10T10:38:20.755185+00:00", "level": "INFO", "logger": "pipeline.scrapers.asos", "scraper": "asos", "msg": "  ✓ Schott - Bomber en daim véritable avec col - Rouille — 339.99€ — ['S', 'M', 'L', 'XL']"}
{"ts": "2026-06-10T10:38:34.232717+00:00", "level": "INFO", "logger": "pipeline.scrapers.asos", "scraper": "asos", "msg": "  ✓ Bershka - Veste coupe carrée en imitation cuir - Noir — 49.99€ — ['S', 'M', 'L', 'XL']"}
{"ts": "2026-06-10T10:38:46.095830+00:00", "level": "INFO", "logger": "pipeline.scrapers.asos", "scraper": "asos", "msg": "  ✓ Tommy Jeans - Heritage - Veste à logo drapeau - Vert — 109.99€ — ['XXL', 'XXXL']"}
{"ts": "2026-06-10T10:38:57.615938+00:00", "level": "INFO", "logger": "pipeline.scrapers.asos", "scraper": "asos", "msg": "  ✓ adidas Originals - Premium Essentials - Bomber - Kaki — 130.0€ — ['XS', 'S', 'M', 'L', 'XL', 'XXL']"}
{"ts": "2026-06-10T10:39:08.399006+00:00", "level": "INFO", "logger": "pipeline.scrapers.asos", "scraper": "asos", "msg": "  ✓ ASOS DESIGN - Surchemise à poches poitrine - Beige — 30.99€ — ['XS', 'S', 'M', 'L', 'XL', 'XXL']"}
{"ts": "2026-06-10T10:39:19.533554+00:00", "level": "INFO", "logger": "pipeline.scrapers.asos", "scraper": "asos", "msg": "  ✓ Mango - Surchemise légère boutonnée en coton mélangé - Beige — 44.99€ — ['S', 'M', 'L', 'XL', 'XXL']"}
{"ts": "2026-06-10T10:39:32.072681+00:00", "level": "INFO", "logger": "pipeline.scrapers.asos", "scraper": "asos", "msg": "  ✓ Pompeii - Veste style militaire en toile à col contrastant - Rose poudré — 189.99€ — ['S', 'M', 'L', 'XL']"}
{"ts": "2026-06-10T10:39:44.061445+00:00", "level": "INFO", "logger": "pipeline.scrapers.asos", "scraper": "asos", "msg": "  ✓ ARKET - Blouson en pur coton - Vert — 119.99€ — ['XS', 'S', 'M', 'L', 'XL']"}
{"ts": "2026-06-10T10:39:56.446762+00:00", "level": "INFO", "logger": "pipeline.scrapers.asos", "scraper": "asos", "msg": "  ✓ adidas Originals - Firebird - Haut de survêtement en jean - Bleu clair délavé — 100.0€ — ['XS', 'S', 'M', 'L', 'XL', 'XXL']"}
{"ts": "2026-06-10T10:40:07.254879+00:00", "level": "INFO", "logger": "pipeline.scrapers.asos", "scraper": "asos", "msg": "  ✓ Aape by A Bathing Ape - Veste camionneur en jean à imprimé camouflage avec empiècement à capuche - Bleu — 405.0€ — ['S', 'M', 'L', 'XL']"}
{"ts": "2026-06-10T10:40:19.763622+00:00", "level": "INFO", "logger": "pipeline.scrapers.asos", "scraper": "asos", "msg": "  ✓ Courtside - Veste en jean ornée de strass - Noir délavé — 115.0€ — ['S', 'M', 'L', 'XL', 'XXL']"}
{"ts": "2026-06-10T10:40:32.134638+00:00", "level": "INFO", "logger": "pipeline.scrapers.asos", "scraper": "asos", "msg": "  ✓ adidas Originals - Firebird - Veste de survêtement en denim - Bleu vintage — 89.99€ — ['XS', 'S', 'M', 'L', 'XL', 'XXL']"}
{"ts": "2026-06-10T10:40:42.617654+00:00", "level": "INFO", "logger": "pipeline.scrapers.asos", "scraper": "asos", "msg": "  ✓ adidas Originals - Firebird - Veste de survêtement - Jaune et vert — 75.0€ — ['XS', 'S', 'M', 'L', 'XL', 'XXL']"}
{"ts": "2026-06-10T10:40:55.154622+00:00", "level": "INFO", "logger": "pipeline.scrapers.asos", "scraper": "asos", "msg": "  ✓ adidas Originals - Firebird - Top de survêtement - Noir — 69.99€ — ['XS', 'S', 'M', 'L', 'XL', 'XXL']"}
{"ts": "2026-06-10T10:41:06.218377+00:00", "level": "INFO", "logger": "pipeline.scrapers.asos", "scraper": "asos", "msg": "  ✓ adidas Originals - Firebird - Top de survêtement - Bleu et orange — 75.0€ — ['XS', 'S', 'M', 'L', 'XL', 'XXL']"}
{"ts": "2026-06-10T10:41:16.793921+00:00", "level": "INFO", "logger": "pipeline.scrapers.asos", "scraper": "asos", "msg": "  ✓ Element - Alder - Veste imperméable - Taupe — 79.99€ — ['XS', 'S', 'M', 'L', 'XL']"}
{"ts": "2026-06-10T10:41:28.133656+00:00", "level": "INFO", "logger": "pipeline.scrapers.asos", "scraper": "asos", "msg": "  ✓ Napapijri - Poncho imperméable - Fauve — 159.99€ — []"}
{"ts": "2026-06-10T10:41:39.938303+00:00", "level": "INFO", "logger": "pipeline.scrapers.asos", "scraper": "asos", "msg": "  ✓ Napapijri - Poncho imperméable - Noir — 159.99€ — []"}
{"ts": "2026-06-10T10:41:49.733260+00:00", "level": "INFO", "logger": "pipeline.scrapers.asos", "scraper": "asos", "msg": "  ✓ Napapijri - Anorak - Noir — 199.0€ — ['XS', 'S', 'M', 'L', 'XL', 'XXL']"}
{"ts": "2026-06-10T10:42:06.510832+00:00", "level": "INFO", "logger": "pipeline.scrapers.asos", "scraper": "asos", "msg": "  ✓ Aape by A Bathing Ape - Now - Veste coupe-vent légère - Bleu — 159.99€ — ['S', 'M', 'L', 'XL']"}
{"ts": "2026-06-10T10:42:18.520735+00:00", "level": "INFO", "logger": "pipeline.scrapers.asos", "scraper": "asos", "msg": "  ✓ Aape by A Bathing Ape - Veste coupe-vent technique - Vert — 249.99€ — ['S', 'M', 'L', 'XL']"}
{"ts": "2026-06-10T10:42:28.582188+00:00", "level": "INFO", "logger": "pipeline.scrapers.asos", "scraper": "asos", "msg": "  ✓ Obey - Practice - Coupe-vent à carreaux écossais - Multicolore — 225.0€ — ['S', 'M', 'L', 'XL']"}
{"ts": "2026-06-10T10:42:40.234186+00:00", "level": "INFO", "logger": "pipeline.scrapers.asos", "scraper": "asos", "msg": "  ✓ Nike - Windrunner - Veste à capuche et fermeture éclair - Noir — 79.99€ — ['XS', 'S', 'M', 'L', 'XL', 'XXL']"}
{"ts": "2026-06-10T10:42:51.974478+00:00", "level": "INFO", "logger": "pipeline.scrapers.asos", "scraper": "asos", "msg": "  ✓ ASOS DESIGN - Bomber en cuir véritable style vintage - Marron — 229.0€ — ['XS', 'S', 'M', 'L', 'XL', 'XXL']"}
{"ts": "2026-06-10T10:43:02.828469+00:00", "level": "INFO", "logger": "pipeline.scrapers.asos", "scraper": "asos", "msg": "  ✓ Bershka - Veste coupe carrée en similicuir - Bordeaux — 59.99€ — ['S', 'M', 'L', 'XL']"}
{"ts": "2026-06-10T10:43:14.754953+00:00", "level": "INFO", "logger": "pipeline.scrapers.asos", "scraper": "asos", "msg": "  ✓ Bershka - Veste en similicuir - Noir — 59.99€ — ['S', 'M', 'L', 'XL']"}
{"ts": "2026-06-10T10:43:24.226038+00:00", "level": "INFO", "logger": "pipeline.scrapers.asos", "scraper": "asos", "msg": "  ✓ ASOS DESIGN - Veste oversize en similicuir avec col en velours côtelé - Noir — 89.99€ — ['XS', 'S', 'M', 'L', 'XL', 'XXL']"}
{"ts": "2026-06-10T10:43:35.781140+00:00", "level": "INFO", "logger": "pipeline.scrapers.asos", "scraper": "asos", "msg": "  ✓ AllSaints - Hockley - Veste en daim - Marron pasilla — 619.0€ — ['XXL', 'XXXL']"}
{"ts": "2026-06-10T10:43:47.675242+00:00", "level": "INFO", "logger": "pipeline.scrapers.asos", "scraper": "asos", "msg": "  ✓ Pull&Bear - STWD - Sweat à capuche zippé - Gris — 39.99€ — ['S', 'M', 'L', 'XL']"}
{"ts": "2026-06-10T10:43:58.521439+00:00", "level": "INFO", "logger": "pipeline.scrapers.asos", "scraper": "asos", "msg": "  ✓ adidas Originals - SST adicolor - Veste de survêtement en jean - Indigo — 100.0€ — ['XS', 'S', 'M', 'L', 'XL', 'XXL']"}
{"ts": "2026-06-10T10:44:08.325121+00:00", "level": "INFO", "logger": "pipeline.scrapers.asos", "scraper": "asos", "msg": "  ✓ Bershka - Veste coupe carrée en similicuir - Vert — 49.99€ — ['S', 'M', 'L', 'XL']"}
{"ts": "2026-06-10T10:44:19.548213+00:00", "level": "INFO", "logger": "pipeline.scrapers.asos", "scraper": "asos", "msg": "  ✓ AllSaints - Colt - Veste en cuir à fermeture éclair - Noir — 300.0€ — ['S', 'M', 'L', 'XL', 'XXL']"}
{"ts": "2026-06-10T10:44:31.667948+00:00", "level": "INFO", "logger": "pipeline.scrapers.asos", "scraper": "asos", "msg": "  ✓ Exclusivité ASOS - adidas Originals - Firebird - Top de survêtement - Gris foncé — 69.99€ — ['XS', 'S', 'M', 'L', 'XL', 'XXL']"}
{"ts": "2026-06-10T10:44:41.688455+00:00", "level": "INFO", "logger": "pipeline.scrapers.asos", "scraper": "asos", "msg": "  ✓ The North Face - M Fontanales - Veste coupe-vent - Noir tnf — 84.0€ — ['XS', 'S', 'M', 'L', 'XL']"}
{"ts": "2026-06-10T10:44:51.978290+00:00", "level": "INFO", "logger": "pipeline.scrapers.asos", "scraper": "asos", "msg": "  ✓ Carhartt WIP - Eightynine - Veste d'entraîneur à logo - Noir — 109.99€ — ['XS', 'S', 'M', 'L', 'XL', 'XXL']"}
{"ts": "2026-06-10T10:45:03.419304+00:00", "level": "INFO", "logger": "pipeline.scrapers.asos", "scraper": "asos", "msg": "  ✓ adidas Originals - Firebird - Haut de survêtement à monogramme - Kaki — 85.0€ — ['XS', 'S', 'M', 'L', 'XL', 'XXL']"}
{"ts": "2026-06-10T10:45:14.686034+00:00", "level": "INFO", "logger": "pipeline.scrapers.asos", "scraper": "asos", "msg": "  ✓ Nike - Air - Veste de survêtement coupe-vent à col cheminée - Bleu — 109.99€ — ['XS', 'S', 'M', 'L', 'XL']"}
{"ts": "2026-06-10T10:45:24.984946+00:00", "level": "INFO", "logger": "pipeline.scrapers.asos", "scraper": "asos", "msg": "  ✓ Dickies - Veste style peintre à rayures hickory - Bleu — 109.0€ — ['XS', 'S', 'M', 'L', 'XL', 'XXL']"}
{"ts": "2026-06-10T10:45:35.242798+00:00", "level": "INFO", "logger": "pipeline.scrapers.asos", "scraper": "asos", "msg": "  ✓ adidas Originals - Firebird - Haut de survêtement à monogramme - Marron — 85.0€ — ['XS', 'S', 'M', 'L', 'XL', 'XXL']"}
{"ts": "2026-06-10T10:45:46.550594+00:00", "level": "INFO", "logger": "pipeline.scrapers.asos", "scraper": "asos", "msg": "  ✓ adidas Originals - Firebird - Haut de survêtement - Bleu marine — 80.0€ — ['XS', 'S', 'M', 'L', 'XL', 'XXL']"}
{"ts": "2026-06-10T10:45:57.657391+00:00", "level": "INFO", "logger": "pipeline.scrapers.asos", "scraper": "asos", "msg": "  ✓ adidas Originals - Veste de survêtement d'archives - Vert — 75.0€ — ['XS', 'S', 'M', 'L', 'XL', 'XXL']"}
{"ts": "2026-06-10T10:46:08.533107+00:00", "level": "INFO", "logger": "pipeline.scrapers.asos", "scraper": "asos", "msg": "  ✓ Jack & Jones - Blouson Harrington - Noir — 39.99€ — ['XS', 'S', 'M', 'L', 'XL', 'XXL']"}
{"ts": "2026-06-10T10:46:19.895716+00:00", "level": "INFO", "logger": "pipeline.scrapers.asos", "scraper": "asos", "msg": "  ✓ Brave Soul - Blouson Harrington zippé - Noir — 58.0€ — ['S', 'M', 'L', 'XL']"}
{"ts": "2026-06-10T10:46:31.246206+00:00", "level": "INFO", "logger": "pipeline.scrapers.asos", "scraper": "asos", "msg": "  ✓ Under Armour - Velociti Storm - Veste de course à capuche - Gris granit et rouge course — 59.99€ — ['XS', 'S', 'M', 'L', 'XL', 'XXL']"}
{"ts": "2026-06-10T10:46:43.189257+00:00", "level": "INFO", "logger": "pipeline.scrapers.asos", "scraper": "asos", "msg": "  ✓ adidas Originals - Firebird - Veste de survêtement - Beige et rouge — 75.0€ — ['XS', 'S', 'M', 'L', 'XL', 'XXL']"}
{"ts": "2026-06-10T10:46:53.355783+00:00", "level": "INFO", "logger": "pipeline.scrapers.asos", "scraper": "asos", "msg": "  ✓ BLKVIS - Veste d'entraîneur - Noir — 130.0€ — ['XS', 'S', 'M', 'L', 'XL', 'XXL']"}
{"ts": "2026-06-10T10:47:10.221339+00:00", "level": "INFO", "logger": "pipeline.scrapers.asos", "scraper": "asos", "msg": "  ✓ adidas Football - Allemagne 94 - Bring Back - Veste de survêtement - Blanc — 120.0€ — ['XS', 'S', 'M', 'L', 'XL', 'XXL']"}
{"ts": "2026-06-10T10:47:21.913724+00:00", "level": "INFO", "logger": "pipeline.scrapers.asos", "scraper": "asos", "msg": "  ✓ Carhartt WIP - Detroit - Veste - Taupe — 209.0€ — ['XS', 'S', 'M', 'L', 'XL', 'XXL']"}
{"ts": "2026-06-10T10:47:34.035315+00:00", "level": "INFO", "logger": "pipeline.scrapers.asos", "scraper": "asos", "msg": "  ✓ The North Face - Cyclone - Veste coupe-vent - Orange pastel — 84.99€ — ['S', 'M', 'L', 'XL', 'XXL']"}
{"ts": "2026-06-10T10:47:45.803131+00:00", "level": "INFO", "logger": "pipeline.scrapers.asos", "scraper": "asos", "msg": "  ✓ Bershka - Veste technique effet color block - Marron — 39.99€ — ['XS', 'S', 'M', 'L', 'XL']"}
{"ts": "2026-06-10T10:47:56.962906+00:00", "level": "INFO", "logger": "pipeline.scrapers.asos", "scraper": "asos", "msg": "  ✓ AllSaints - Soundman - Veste Teddy avec écusson logo brodé - Noir — 239.99€ — ['S', 'M', 'L']"}
{"ts": "2026-06-10T10:48:07.256715+00:00", "level": "INFO", "logger": "pipeline.scrapers.asos", "scraper": "asos", "msg": "  ✓ Aape by A Bathing Ape - Veste en denim d'ensemble avec capuche rembourrée style camouflage - Multicolore — 309.99€ — ['S', 'M', 'L', 'XL']"}
{"ts": "2026-06-10T10:48:18.281910+00:00", "level": "INFO", "logger": "pipeline.scrapers.asos", "scraper": "asos", "msg": "  ✓ Nike - Windrunner - Veste zippée à capuche - Bleu et gris — 74.99€ — ['XS', 'S', 'M', 'L', 'XXL']"}
{"ts": "2026-06-10T10:48:28.922688+00:00", "level": "INFO", "logger": "pipeline.scrapers.asos", "scraper": "asos", "msg": "  ✓ adidas Originals - Trefoil Essentials - Polaire duveteuse - Noir — 80.0€ — ['XS', 'S', 'M', 'L', 'XL', 'XXL']"}
{"ts": "2026-06-10T10:48:40.091757+00:00", "level": "INFO", "logger": "pipeline.scrapers.asos", "scraper": "asos", "msg": "  ✓ The North Face - Cyclone - Veste coupe-vent - Blanc cassé — 84.99€ — ['XS', 'S', 'M', 'L', 'XL', 'XXL']"}
{"ts": "2026-06-10T10:48:52.416585+00:00", "level": "INFO", "logger": "pipeline.scrapers.asos", "scraper": "asos", "msg": "  ✓ Timberland - Stratham - Bomber en coton déperlant et résistant - Safari — 96.0€ — []"}
{"ts": "2026-06-10T10:49:01.960069+00:00", "level": "INFO", "logger": "pipeline.scrapers.asos", "scraper": "asos", "msg": "  ✓ adidas Performance - Real Madrid Originals - Veste de survêtement - Blanc — 100.0€ — ['XS', 'S', 'M', 'L', 'XL', 'XXL', 'XXXL']"}
{"ts": "2026-06-10T10:49:13.188495+00:00", "level": "INFO", "logger": "pipeline.scrapers.asos", "scraper": "asos", "msg": "  ✓ Carhartt WIP - Belmar - Veste en jean à motif camouflage serpent - Foncé — 199.0€ — ['XS', 'S', 'M', 'L', 'XL', 'XXL']"}
{"ts": "2026-06-10T10:49:24.364872+00:00", "level": "INFO", "logger": "pipeline.scrapers.asos", "scraper": "asos", "msg": "  ✓ adidas Football - Liverpool Home 26 Anthem - Veste - Rouge — 120.0€ — ['XS', 'S', 'M', 'L', 'XL', 'XXL']"}
{"ts": "2026-06-10T10:49:33.648883+00:00", "level": "INFO", "logger": "pipeline.scrapers.asos", "scraper": "asos", "msg": "  ✓ Good For Nothing - Veste en jean oversize à enfiler avec capuche - Bleu moyen vintage délavé — 54.99€ — ['S', 'M', 'L', 'XL', 'XXL']"}
{"ts": "2026-06-10T10:49:44.604135+00:00", "level": "INFO", "logger": "pipeline.scrapers.asos", "scraper": "asos", "msg": "  ✓ Levi's - Workwear Sunrise - Veste camionneur en jean à carreaux - Bleu — 89.99€ — ['XS', 'S', 'M', 'L', 'XL']"}
{"ts": "2026-06-10T10:49:57.202495+00:00", "level": "INFO", "logger": "pipeline.scrapers.asos", "scraper": "asos", "msg": "  ✓ Element - Veste camionneur fonctionnelle à imprimé graffiti - Kaki — 149.99€ — ['S', 'M', 'L', 'XL']"}
{"ts": "2026-06-10T10:50:07.530210+00:00", "level": "INFO", "logger": "pipeline.scrapers.asos", "scraper": "asos", "msg": "  ✓ AllSaints - Trey - Veste - Noir de jais — 209.0€ — ['XXL', 'XXXL']"}
{"ts": "2026-06-10T10:50:19.099748+00:00", "level": "INFO", "logger": "pipeline.scrapers.asos", "scraper": "asos", "msg": "  ✓ ASOS DESIGN - Sweat à capuche d'ensemble oversize en jean à carreaux - Bleu — 69.99€ — ['XS', 'S', 'M', 'L', 'XL', 'XXL']"}
{"ts": "2026-06-10T10:50:29.462509+00:00", "level": "INFO", "logger": "pipeline.scrapers.asos", "scraper": "asos", "msg": "  ✓ ASOS DESIGN - Bomber - Kaki — 29.99€ — ['XS', 'S', 'M', 'L', 'XL', 'XXL']"}
{"ts": "2026-06-10T10:50:41.453706+00:00", "level": "INFO", "logger": "pipeline.scrapers.asos", "scraper": "asos", "msg": "  ✓ Timberland - Stratham - Bomber en coton déperlant et résistant - Oceana — 84.0€ — []"}
{"ts": "2026-06-10T10:50:53.846916+00:00", "level": "INFO", "logger": "pipeline.scrapers.asos", "scraper": "asos", "msg": "[ASOS] Adulte/Homme/Vêtement — pantalons-et-chinos"}
{"ts": "2026-06-10T10:51:12.886864+00:00", "level": "INFO", "logger": "pipeline.scrapers.asos", "scraper": "asos", "msg": "[ASOS] 55 URLs trouvées"}
{"ts": "2026-06-10T10:51:22.274002+00:00", "level": "INFO", "logger": "pipeline.scrapers.asos", "scraper": "asos", "msg": "  ✓ Jack & Jones - Pantalon cargo ample - Noir — 39.99€ — ['XS', 'S', 'M', 'L', 'XL', 'XXL']"}
{"ts": "2026-06-10T10:51:34.234356+00:00", "level": "INFO", "logger": "pipeline.scrapers.asos", "scraper": "asos", "msg": "  ✓ Jack & Jones Intelligence - Pantalon chino slim - Noir — 27.99€ — ['XS', 'S', 'M', 'L', 'XL']"}
{"ts": "2026-06-10T10:51:44.841494+00:00", "level": "INFO", "logger": "pipeline.scrapers.asos", "scraper": "asos", "msg": "  ✓ Brave Soul - Taslan - Pantalon cargo ample à chevilles resserrées - Gris foncé — 45.0€ — ['S', 'M', 'L', 'XL']"}
{"ts": "2026-06-10T10:51:55.396590+00:00", "level": "INFO", "logger": "pipeline.scrapers.asos", "scraper": "asos", "msg": "  ✓ Topman - Pantalon large habillé avec ceinture et poches latérales - Anthracite — 64.99€ — ['XS', 'S', 'M', 'L', 'XL', 'XXL']"}
{"ts": "2026-06-10T10:52:05.411830+00:00", "level": "INFO", "logger": "pipeline.scrapers.asos", "scraper": "asos", "msg": "  ✓ Pull&Bear - Pantalon en lin pur - Noir — 39.99€ — ['XS', 'S', 'M', 'L', 'XL']"}
{"ts": "2026-06-10T10:52:14.983658+00:00", "level": "INFO", "logger": "pipeline.scrapers.asos", "scraper": "asos", "msg": "  ✓ ONLY & SONS - Pantalon cargo ajusté et resserré aux chevilles - Taupe — 42.99€ — ['XS', 'S', 'M', 'L', 'XL', 'XXL']"}
{"ts": "2026-06-10T10:52:25.789296+00:00", "level": "INFO", "logger": "pipeline.scrapers.asos", "scraper": "asos", "msg": "  ✓ Jack & Jones Intelligence - Lot de 2 pantalons chino - Beige et bleu marine — 64.99€ — ['XS', 'S', 'M', 'L', 'XL', 'XXL']"}
{"ts": "2026-06-10T10:52:36.233678+00:00", "level": "INFO", "logger": "pipeline.scrapers.asos", "scraper": "asos", "msg": "  ✓ BOSS Bodywear - Pantalon de jogging confort à assortir - Lavande — 54.99€ — ['M', 'L', 'XL', 'XXL']"}
{"ts": "2026-06-10T10:52:45.726881+00:00", "level": "INFO", "logger": "pipeline.scrapers.asos", "scraper": "asos", "msg": "  ✓ Jack & Jones - Pantalon décontracté en lin mélangé - Beige — 32.99€ — ['XS', 'S', 'M', 'L', 'XL', 'XXL']"}
{"ts": "2026-06-10T10:52:56.916431+00:00", "level": "INFO", "logger": "pipeline.scrapers.asos", "scraper": "asos", "msg": "  ✓ Jack & Jones - Pantalon ample en lin mélangé à cordon de serrage - Bleu marine — 39.99€ — ['XS', 'S', 'M', 'L', 'XL', 'XXL']"}
{"ts": "2026-06-10T10:53:07.256015+00:00", "level": "INFO", "logger": "pipeline.scrapers.asos", "scraper": "asos", "msg": "  ✓ Pull&Bear - Pantalon en 100 % lin - Marron — 39.99€ — ['XS', 'S', 'M', 'L', 'XL']"}
{"ts": "2026-06-10T10:53:17.195409+00:00", "level": "INFO", "logger": "pipeline.scrapers.asos", "scraper": "asos", "msg": "  ✓ New Look - Pantalon chino slim - Bleu marine — 34.99€ — ['XS', 'S', 'M', 'L', 'XL']"}
{"ts": "2026-06-10T10:53:28.224625+00:00", "level": "INFO", "logger": "pipeline.scrapers.asos", "scraper": "asos", "msg": "  ✓ Brave Soul - Pantalon cargo slim - Kaki — 45.0€ — ['XS', 'S', 'M', 'L', 'XL']"}
{"ts": "2026-06-10T10:53:38.207672+00:00", "level": "INFO", "logger": "pipeline.scrapers.asos", "scraper": "asos", "msg": "  ✓ Brave Soul - Pantalon resserré aux chevilles avec fermeture éclair et taille élastique - Noir — 48.0€ — ['S', 'M', 'L', 'XL']"}
{"ts": "2026-06-10T10:53:49.414852+00:00", "level": "INFO", "logger": "pipeline.scrapers.asos", "scraper": "asos", "msg": "  ✓ Jack & Jones - Pantalon cargo ample - Kaki — 39.99€ — ['XS', 'S', 'M', 'L', 'XL']"}
{"ts": "2026-06-10T10:54:00.514828+00:00", "level": "INFO", "logger": "pipeline.scrapers.asos", "scraper": "asos", "msg": "  ✓ Jack & Jones - Pantalon cargo coupe ample - Beige — 39.99€ — ['XS', 'S', 'M', 'L', 'XL']"}
{"ts": "2026-06-10T10:54:12.691985+00:00", "level": "INFO", "logger": "pipeline.scrapers.asos", "scraper": "asos", "msg": "  ✓ Bershka - Joggers style cargo - Noir — 29.99€ — ['XS', 'S', 'M', 'L', 'XL', 'XXL']"}
{"ts": "2026-06-10T10:54:24.307933+00:00", "level": "INFO", "logger": "pipeline.scrapers.asos", "scraper": "asos", "msg": "  ✓ Jack & Jones - Pantalon cargo coupe ample - Beige — 39.99€ — ['XS', 'S', 'M', 'L', 'XL']"}
{"ts": "2026-06-10T10:54:36.320370+00:00", "level": "INFO", "logger": "pipeline.scrapers.asos", "scraper": "asos", "msg": "  ✓ Jack & Jones - Pantalon décontracté en lin mélangé - Noir — 32.99€ — ['XS', 'S', 'M', 'L', 'XL', 'XXL']"}
{"ts": "2026-06-10T10:54:45.922545+00:00", "level": "INFO", "logger": "pipeline.scrapers.asos", "scraper": "asos", "msg": "  ✓ COLLUSION - Pantalon décontracté en lin - Blanc — 32.99€ — ['XS', 'S', 'M', 'L', 'XL', 'XXL']"}
{"ts": "2026-06-10T10:54:57.242558+00:00", "level": "INFO", "logger": "pipeline.scrapers.asos", "scraper": "asos", "msg": "  ✓ No Problemo - Pantalon de travail en tissu ripstop de coton - Sable — 109.99€ — ['XS', 'S', 'M', 'L', 'XL', 'XXL']"}
{"ts": "2026-06-10T10:55:07.775411+00:00", "level": "INFO", "logger": "pipeline.scrapers.asos", "scraper": "asos", "msg": "  ✓ ASOS DESIGN - Pantalon ajusté ample confortable à taille élastique - Anthracite — 42.99€ — ['XS', 'S', 'M', 'L', 'XL']"}
{"ts": "2026-06-10T10:55:19.697984+00:00", "level": "INFO", "logger": "pipeline.scrapers.asos", "scraper": "asos", "msg": "  ✓ ASOS DESIGN - Pantalon d'ensemble ajusté coupe droite - Noir — 34.99€ — ['XS', 'S', 'M', 'L', 'XL']"}
{"ts": "2026-06-10T10:55:30.274530+00:00", "level": "INFO", "logger": "pipeline.scrapers.asos", "scraper": "asos", "msg": "  ✓ ASOS DESIGN - Pantalon ajusté coupe fuselée confortable en sergé stretch avec taille élastique - Beige — 29.99€ — ['XS', 'S', 'M', 'L', 'XL']"}
{"ts": "2026-06-10T10:55:41.247654+00:00", "level": "INFO", "logger": "pipeline.scrapers.asos", "scraper": "asos", "msg": "  ✓ Brave Soul - Pantalon cargo en popeline de coton - Noir — 37.99€ — ['XS', 'S', 'M', 'L', 'XL']"}
{"ts": "2026-06-10T10:55:50.811891+00:00", "level": "INFO", "logger": "pipeline.scrapers.asos", "scraper": "asos", "msg": "  ✓ Dickies - Pantalon style charpentier en toile - Fauve clair délavé — 79.0€ — ['XS', 'S', 'M', 'L', 'XL', 'XXL']"}
{"ts": "2026-06-10T10:56:01.341192+00:00", "level": "INFO", "logger": "pipeline.scrapers.asos", "scraper": "asos", "msg": "  ✓ Jack & Jones Intelligence - Pantalon cargo - Kaki — 58.99€ — ['XS', 'S', 'M', 'L', 'XL']"}
{"ts": "2026-06-10T10:56:12.291374+00:00", "level": "INFO", "logger": "pipeline.scrapers.asos", "scraper": "asos", "msg": "  ✓ Bershka - Pantalon de jogging cargo - Beige — 29.99€ — ['XS', 'S', 'M', 'L', 'XL', 'XXL']"}
{"ts": "2026-06-10T10:56:23.590757+00:00", "level": "INFO", "logger": "pipeline.scrapers.asos", "scraper": "asos", "msg": "  ✓ Bershka - Pantalon champêtre ultra baggy - Noir — 29.99€ — ['XS', 'S', 'M', 'L', 'XL']"}
{"ts": "2026-06-10T10:56:35.880843+00:00", "level": "INFO", "logger": "pipeline.scrapers.asos", "scraper": "asos", "msg": "  ✓ Pull&Bear - Pantalon en 100 % lin - Marron — 39.99€ — ['XS', 'S', 'M', 'L', 'XL']"}
{"ts": "2026-06-10T10:56:46.106578+00:00", "level": "INFO", "logger": "pipeline.scrapers.asos", "scraper": "asos", "msg": "  ✓ Bershka - Pantalon ultra baggy en lin mélangé - Beige — 39.99€ — ['XS', 'S', 'M', 'L', 'XL', 'XXL']"}
{"ts": "2026-06-10T10:56:55.976010+00:00", "level": "INFO", "logger": "pipeline.scrapers.asos", "scraper": "asos", "msg": "  ✓ Bershka - Pantalon champêtre ultra baggy - Blanc — 29.99€ — ['XS', 'S', 'M', 'L', 'XL']"}
{"ts": "2026-06-10T10:57:07.858274+00:00", "level": "INFO", "logger": "pipeline.scrapers.asos", "scraper": "asos", "msg": "  ✓ Only & Sons - Pantalon court en lin mélangé - Marron clair — 32.99€ — ['XS', 'S', 'M', 'L', 'XL', 'XXL', 'XXXL']"}
{"ts": "2026-06-10T10:57:17.848278+00:00", "level": "INFO", "logger": "pipeline.scrapers.asos", "scraper": "asos", "msg": "  ✓ Jack & Jones - Pantalon élégant en lin mélangé - Beige — 39.99€ — ['S', 'M', 'L', 'XL']"}
{"ts": "2026-06-10T10:57:28.582653+00:00", "level": "INFO", "logger": "pipeline.scrapers.asos", "scraper": "asos", "msg": "  ✓ adidas Originals - Pantalon en sergé - Kaki foncé — 80.0€ — ['XS', 'S', 'M', 'L', 'XL', 'XXL']"}
{"ts": "2026-06-10T10:57:40.847623+00:00", "level": "INFO", "logger": "pipeline.scrapers.asos", "scraper": "asos", "msg": "  ✓ COLLUSION - Pantalon bouffant oversize en lin mélangé - Noir — 34.99€ — ['XS', 'S', 'M', 'L', 'XL', 'XXL', 'XXXL']"}
{"ts": "2026-06-10T10:57:51.152450+00:00", "level": "INFO", "logger": "pipeline.scrapers.asos", "scraper": "asos", "msg": "  ✓ Jack & Jones - Pantalon en lin mélangé - Vert — 39.99€ — ['XS', 'S', 'M', 'L', 'XL', 'XXL']"}
{"ts": "2026-06-10T10:58:01.870002+00:00", "level": "INFO", "logger": "pipeline.scrapers.asos", "scraper": "asos", "msg": "  ✓ Jack & Jones - Pantalon chino - Beige — 39.99€ — ['XS', 'S', 'M', 'L', 'XL', 'XXL']"}
{"ts": "2026-06-10T10:58:12.211473+00:00", "level": "INFO", "logger": "pipeline.scrapers.asos", "scraper": "asos", "msg": "  ✓ Weekday - Pantalon bouffant à enfiler - Beige — 45.99€ — ['S', 'M', 'L']"}
{"ts": "2026-06-10T10:58:21.875998+00:00", "level": "INFO", "logger": "pipeline.scrapers.asos", "scraper": "asos", "msg": "  ✓ Jack & Jones - Pantalon chino - Noir — 39.99€ — ['XS', 'S', 'M', 'L', 'XL', 'XXL']"}
{"ts": "2026-06-10T10:58:31.734477+00:00", "level": "INFO", "logger": "pipeline.scrapers.asos", "scraper": "asos", "msg": "  ✓ COLLUSION - Pantalon habillé coupe décontractée - Noir — 44.99€ — ['XS', 'S', 'M', 'L', 'XL', 'XXL']"}
{"ts": "2026-06-10T10:58:43.119103+00:00", "level": "INFO", "logger": "pipeline.scrapers.asos", "scraper": "asos", "msg": "  ✓ JJ Rebel - Pantalon cargo ample - Noir — 29.99€ — ['XS', 'S', 'M', 'L', 'XL']"}
{"ts": "2026-06-10T10:58:54.294573+00:00", "level": "INFO", "logger": "pipeline.scrapers.asos", "scraper": "asos", "msg": "  ✓ Jack & Jones - Pantalon en lin mélangé - Bleu marine — 39.99€ — ['XS', 'S', 'M', 'L', 'XL', 'XXL']"}
{"ts": "2026-06-10T10:59:04.695011+00:00", "level": "INFO", "logger": "pipeline.scrapers.asos", "scraper": "asos", "msg": "  ✓ Bershka - Pantalon champêtre ultra baggy - Kaki — 29.99€ — ['XS', 'S', 'M', 'L', 'XL']"}
{"ts": "2026-06-10T10:59:14.163370+00:00", "level": "INFO", "logger": "pipeline.scrapers.asos", "scraper": "asos", "msg": "  ✓ Bershka - Pantalon ultra baggy en lin mélangé - Blanc — 39.99€ — ['XS', 'S', 'M', 'L', 'XL', 'XXL']"}
{"ts": "2026-06-10T10:59:24.456903+00:00", "level": "INFO", "logger": "pipeline.scrapers.asos", "scraper": "asos", "msg": "  ✓ Bershka - Pantalon ultra-baggy à carreaux - Taupe — 39.99€ — ['XS', 'S', 'M', 'L', 'XL']"}
{"ts": "2026-06-10T10:59:36.641866+00:00", "level": "INFO", "logger": "pipeline.scrapers.asos", "scraper": "asos", "msg": "  ✓ Only & Sons - Pantalon ample aspect lin - Beige — 49.99€ — ['XS', 'S', 'M', 'L', 'XXL']"}
{"ts": "2026-06-10T10:59:48.750779+00:00", "level": "INFO", "logger": "pipeline.scrapers.asos", "scraper": "asos", "msg": "  ✓ Jack & Jones - Pantalon en lin mélangé à cordon de serrage - Beige — 46.99€ — ['XS', 'S', 'M', 'L', 'XL', 'XXL']"}
{"ts": "2026-06-10T10:59:59.437276+00:00", "level": "INFO", "logger": "pipeline.scrapers.asos", "scraper": "asos", "msg": "  ✓ Pull&Bear - Pantalon en lin mélangé - Marron — 29.99€ — ['XS', 'S', 'M', 'L', 'XL']"}
{"ts": "2026-06-10T11:00:11.519903+00:00", "level": "INFO", "logger": "pipeline.scrapers.asos", "scraper": "asos", "msg": "  ✓ BLEND - Pantalon classique en lin et coton avec cordon de serrage à la taille - Blanc — 39.99€ — ['XS', 'S', 'M', 'XL', 'XXL']"}
{"ts": "2026-06-10T11:00:21.295981+00:00", "level": "INFO", "logger": "pipeline.scrapers.asos", "scraper": "asos", "msg": "  ✓ adidas Originals - Adicolor - Pantalon de survêtement ample - Café aurora — 70.0€ — ['XS', 'S', 'M', 'L', 'XL', 'XXL']"}
{"ts": "2026-06-10T11:00:32.710446+00:00", "level": "INFO", "logger": "pipeline.scrapers.asos", "scraper": "asos", "msg": "  ✓ BLEND - Pantalon classique en lin et coton avec cordon de serrage à la taille - Beige poudré — 53.99€ — ['XS', 'S', 'M', 'XL', 'XXL']"}
{"ts": "2026-06-10T11:00:44.060900+00:00", "level": "INFO", "logger": "pipeline.scrapers.asos", "scraper": "asos", "msg": "  ✓ ONLY & SONS - Pantalon ample en lin mélangé - Blanc — 37.99€ — ['XS', 'S', 'M', 'L', 'XL', 'XXL', 'XXXL']"}
{"ts": "2026-06-10T11:00:54.633922+00:00", "level": "INFO", "logger": "pipeline.scrapers.asos", "scraper": "asos", "msg": "  ✓ Bershka - Pantalon baggy champêtre - Blanc — 29.99€ — ['XS', 'S', 'M', 'L', 'XL']"}
{"ts": "2026-06-10T11:01:05.091120+00:00", "level": "INFO", "logger": "pipeline.scrapers.asos", "scraper": "asos", "msg": "  ✓ Brave Soul - Pantalon décontracté coupe classique à rayures texturées - Crème — 36.99€ — ['S', 'M', 'L', 'XL', 'XXL']"}
{"ts": "2026-06-10T11:01:19.920160+00:00", "level": "INFO", "logger": "pipeline.scrapers.asos", "scraper": "asos", "msg": "[ASOS] Adulte/Homme/Vêtement — jeans"}
{"ts": "2026-06-10T11:01:39.025462+00:00", "level": "INFO", "logger": "pipeline.scrapers.asos", "scraper": "asos", "msg": "[ASOS] 69 URLs trouvées"}
{"ts": "2026-06-10T11:01:49.054800+00:00", "level": "INFO", "logger": "pipeline.scrapers.asos", "scraper": "asos", "msg": "  ✓ ONLY & SONS - Tye - Jean coupe ajustée - Bleu clair délavé — 39.99€ — ['XL', 'XXL', 'XS', 'S', 'M', 'L']"}
{"ts": "2026-06-10T11:01:59.321424+00:00", "level": "INFO", "logger": "pipeline.scrapers.asos", "scraper": "asos", "msg": "  ✓ Jack & Jones - Chris - Jean droit - Bleu clair délavé — 29.99€ — ['XS', 'S', 'M', 'L', 'XL']"}
{"ts": "2026-06-10T11:02:09.945521+00:00", "level": "INFO", "logger": "pipeline.scrapers.asos", "scraper": "asos", "msg": "  ✓ Jack & Jones - Clark - Jean droit - Noir — 31.99€ — ['XS', 'S', 'M', 'L', 'XL']"}
{"ts": "2026-06-10T11:02:19.677178+00:00", "level": "INFO", "logger": "pipeline.scrapers.asos", "scraper": "asos", "msg": "  ✓ Jack & Jones - Clark - Jean coupe classique - Bleu moyen — 31.99€ — ['XS', 'S', 'M', 'L', 'XL']"}
{"ts": "2026-06-10T11:02:29.654829+00:00", "level": "INFO", "logger": "pipeline.scrapers.asos", "scraper": "asos", "msg": "  ✓ True Religion - Vinny - Jean ultra baggy - Bleu moyen délavé — 274.99€ — ['XS', 'S', 'M', 'L', 'XL', 'XXL']"}
{"ts": "2026-06-10T11:02:39.654183+00:00", "level": "INFO", "logger": "pipeline.scrapers.asos", "scraper": "asos", "msg": "  ✓ Jack & Jones - Alex - Jean baggy - Bleu moyen — 31.99€ — ['XS', 'S', 'M', 'L', 'XL']"}
{"ts": "2026-06-10T11:02:51.918073+00:00", "level": "INFO", "logger": "pipeline.scrapers.asos", "scraper": "asos", "msg": "  ✓ JJ Rebel - Leo - Jean baggy - Bleu vintage — 27.99€ — ['XS', 'S', 'M', 'L', 'XL']"}
{"ts": "2026-06-10T11:03:03.397368+00:00", "level": "INFO", "logger": "pipeline.scrapers.asos", "scraper": "asos", "msg": "  ✓ JJ Rebel - Leo - Jean baggy - Bleu foncé — 27.99€ — ['XS', 'S', 'M', 'L', 'XL']"}
{"ts": "2026-06-10T11:03:13.227319+00:00", "level": "INFO", "logger": "pipeline.scrapers.asos", "scraper": "asos", "msg": "  ✓ ONLY & SONS - Weft - Jean classique - Bleu clair vintage délavé — 30.99€ — ['XL', 'XXL', 'XS', 'XXXL']"}
{"ts": "2026-06-10T11:03:24.920822+00:00", "level": "INFO", "logger": "pipeline.scrapers.asos", "scraper": "asos", "msg": "  ✓ CAPO - Jean slim - Gris délavé — 49.99€ — ['XS', 'S', 'M', 'XL']"}
{"ts": "2026-06-10T11:03:34.156045+00:00", "level": "INFO", "logger": "pipeline.scrapers.asos", "scraper": "asos", "msg": "  ✓ CAPO - Jean slim - Noir — 49.99€ — ['XS', 'S', 'M', 'XL']"}
{"ts": "2026-06-10T11:03:44.721410+00:00", "level": "INFO", "logger": "pipeline.scrapers.asos", "scraper": "asos", "msg": "  ✓ Lacoste - Jean slim - Noir — 156.99€ — ['XS', 'S', 'M', 'L', 'XL', 'XXL']"}
{"ts": "2026-06-10T11:03:54.357903+00:00", "level": "INFO", "logger": "pipeline.scrapers.asos", "scraper": "asos", "msg": "  ✓ Liquor N Poker - Jean baggy décontracté - Rose délavé — 65.99€ — ['XS', 'S', 'M', 'L', 'XL', 'XXL']"}
{"ts": "2026-06-10T11:04:04.160262+00:00", "level": "INFO", "logger": "pipeline.scrapers.asos", "scraper": "asos", "msg": "  ✓ Only & Sons - Jean ample - Noir délavé — 49.99€ — ['XL', 'XS', 'S', 'M', 'L']"}
{"ts": "2026-06-10T11:04:15.116179+00:00", "level": "INFO", "logger": "pipeline.scrapers.asos", "scraper": "asos", "msg": "  ✓ AAPE by A BATHING APE® - Jean ample à logo imprimé - Bleu délavé — 235.0€ — ['L', 'M', 'S', 'XL']"}
{"ts": "2026-06-10T11:04:24.455874+00:00", "level": "INFO", "logger": "pipeline.scrapers.asos", "scraper": "asos", "msg": "  ✓ Calvin Klein Jeans - Jean baggy - Noir délavé — 69.99€ — []"}
{"ts": "2026-06-10T11:04:34.838555+00:00", "level": "INFO", "logger": "pipeline.scrapers.asos", "scraper": "asos", "msg": "  ✓ Jack & Jones - Eddie - Jean ample - Noir délavé — 31.99€ — ['XS', 'S', 'M', 'L', 'XL']"}
{"ts": "2026-06-10T11:04:46.872842+00:00", "level": "INFO", "logger": "pipeline.scrapers.asos", "scraper": "asos", "msg": "  ✓ Jack & Jones - Dave - Jean ultra baggy - Noir — 29.99€ — ['XS', 'S', 'M', 'L', 'XL', 'XXL']"}
{"ts": "2026-06-10T11:04:57.596232+00:00", "level": "INFO", "logger": "pipeline.scrapers.asos", "scraper": "asos", "msg": "  ✓ ONLY & SONS - Fade - Jean ample - Noir — 30.99€ — ['XL', 'XXL', 'XS', 'S', 'M', 'L']"}
{"ts": "2026-06-10T11:05:08.489001+00:00", "level": "INFO", "logger": "pipeline.scrapers.asos", "scraper": "asos", "msg": "  ✓ Carhartt WIP - Salopette en jean - Noir — 139.99€ — ['XS', 'S', 'M', 'L', 'XL', 'XXL']"}
{"ts": "2026-06-10T11:05:19.610389+00:00", "level": "INFO", "logger": "pipeline.scrapers.asos", "scraper": "asos", "msg": "  ✓ Jack & Jones - Alex - Jean baggy - Bleu moyen délavé — 29.99€ — ['XS', 'S', 'M', 'L', 'XL']"}
{"ts": "2026-06-10T11:05:29.393976+00:00", "level": "INFO", "logger": "pipeline.scrapers.asos", "scraper": "asos", "msg": "  ✓ Pull&Bear - Pantalon de jogging en denim - Bleu pâle — 25.99€ — ['S', 'M', 'L', 'XL']"}
{"ts": "2026-06-10T11:05:41.329047+00:00", "level": "INFO", "logger": "pipeline.scrapers.asos", "scraper": "asos", "msg": "  ✓ JJ Rebel - Leo - Jean baggy - Noir délavé — 27.99€ — ['XS', 'S', 'M', 'L', 'XL']"}
{"ts": "2026-06-10T11:05:52.283727+00:00", "level": "INFO", "logger": "pipeline.scrapers.asos", "scraper": "asos", "msg": "  ✓ JJ Rebel - Adam - Jean droit - Bleu clair — 27.99€ — ['XS', 'S', 'M', 'L', 'XL']"}
{"ts": "2026-06-10T11:06:03.196635+00:00", "level": "INFO", "logger": "pipeline.scrapers.asos", "scraper": "asos", "msg": "  ✓ Jack & Jones - Liam - Jean skinny - Bleu foncé délavé — 39.99€ — ['XS', 'S', 'M', 'L', 'XL']"}
{"ts": "2026-06-10T11:06:14.038763+00:00", "level": "INFO", "logger": "pipeline.scrapers.asos", "scraper": "asos", "msg": "  ✓ Jack & Jones - Essentials - Liam - Jean skinny - Bleu clair délavé — 35.99€ — ['XS', 'S', 'M', 'L', 'XL']"}
{"ts": "2026-06-10T11:06:24.153874+00:00", "level": "INFO", "logger": "pipeline.scrapers.asos", "scraper": "asos", "msg": "  ✓ Jack & Jones Essentials - Liam - Jean skinny - Noir — 35.99€ — ['XS', 'S', 'M', 'L', 'XL']"}
{"ts": "2026-06-10T11:06:35.099195+00:00", "level": "INFO", "logger": "pipeline.scrapers.asos", "scraper": "asos", "msg": "  ✓ JJ Rebel - Ryan - Jean droit - Bleu clair — 24.99€ — ['XS', 'S', 'M', 'L', 'XL']"}
{"ts": "2026-06-10T11:06:44.754187+00:00", "level": "INFO", "logger": "pipeline.scrapers.asos", "scraper": "asos", "msg": "  ✓ Carhartt WIP - Aaron - Jean classique fuselé - Bleu brut — 64.99€ — ['XS', 'S', 'M', 'L', 'XL', 'XXL']"}
{"ts": "2026-06-10T11:06:55.207155+00:00", "level": "INFO", "logger": "pipeline.scrapers.asos", "scraper": "asos", "msg": "  ✓ Carhartt WIP - Aaron - Jean classique fuselé - Bleu moyen délavé — 129.0€ — ['XS', 'S', 'M', 'L', 'XL', 'XXL']"}
{"ts": "2026-06-10T11:07:05.202474+00:00", "level": "INFO", "logger": "pipeline.scrapers.asos", "scraper": "asos", "msg": "  ✓ Carhartt WIP - Landon - Jean fuselé ample à motif camouflage serpent - Noir — 99.99€ — ['XS', 'S', 'M', 'L', 'XL', 'XXL']"}
{"ts": "2026-06-10T11:07:14.765470+00:00", "level": "INFO", "logger": "pipeline.scrapers.asos", "scraper": "asos", "msg": "  ✓ Jack & Jones - Eddie - Jean ample - Bleu vintage — 29.99€ — ['XS', 'S', 'M', 'L', 'XL']"}
{"ts": "2026-06-10T11:07:24.864183+00:00", "level": "INFO", "logger": "pipeline.scrapers.asos", "scraper": "asos", "msg": "  ✓ JJ Rebel - Ryan - Jean décontracté - Bleu clair — 27.99€ — ['XS', 'S', 'M', 'L', 'XL']"}
{"ts": "2026-06-10T11:07:36.040020+00:00", "level": "INFO", "logger": "pipeline.scrapers.asos", "scraper": "asos", "msg": "  ✓ Pull&Bear - Pantalon de jogging en denim - Noir délavé — 25.99€ — ['S', 'M', 'L', 'XL']"}
{"ts": "2026-06-10T11:07:46.864685+00:00", "level": "INFO", "logger": "pipeline.scrapers.asos", "scraper": "asos", "msg": "  ✓ Pull&Bear - Pantalon de jogging en denim - Beige — 25.99€ — ['S', 'M', 'L', 'XL']"}
{"ts": "2026-06-10T11:07:58.896813+00:00", "level": "INFO", "logger": "pipeline.scrapers.asos", "scraper": "asos", "msg": "  ✓ Only & Sons - Weft - Jean classique - Bleu délavé — 30.99€ — ['XL', 'XS', 'S', 'M', 'L', 'XXL']"}
{"ts": "2026-06-10T11:08:09.640352+00:00", "level": "INFO", "logger": "pipeline.scrapers.asos", "scraper": "asos", "msg": "  ✓ Jack & Jones - Chris - Jean décontracté - Bleu clair délavé — 35.99€ — ['XS', 'S', 'M', 'L', 'XL']"}
{"ts": "2026-06-10T11:08:20.279378+00:00", "level": "INFO", "logger": "pipeline.scrapers.asos", "scraper": "asos", "msg": "  ✓ Pull&Bear - Pantalon de jogging en denim - Bleu — 25.99€ — ['S', 'M', 'L', 'XL']"}
{"ts": "2026-06-10T11:08:30.616102+00:00", "level": "INFO", "logger": "pipeline.scrapers.asos", "scraper": "asos", "msg": "  ✓ JJ Rebel - Ryan - Jean décontracté - Bleu vintage — 27.99€ — ['XS', 'S', 'M', 'L', 'XL']"}
{"ts": "2026-06-10T11:08:42.699470+00:00", "level": "INFO", "logger": "pipeline.scrapers.asos", "scraper": "asos", "msg": "  ✓ Jack & Jones - Chris - Jean droit - Bleu foncé — 29.99€ — ['XS', 'S', 'M', 'L', 'XL']"}
{"ts": "2026-06-10T11:08:52.040057+00:00", "level": "INFO", "logger": "pipeline.scrapers.asos", "scraper": "asos", "msg": "  ✓ Reclaimed Vintage - Jean baggy - Bleu délavé — 42.99€ — ['XS', 'S', 'M', 'L', 'XL', 'XXL']"}
{"ts": "2026-06-10T11:09:01.912384+00:00", "level": "INFO", "logger": "pipeline.scrapers.asos", "scraper": "asos", "msg": "  ✓ Jack & Jones - Chris - Jean droit - Noir délavé — 29.99€ — ['XS', 'S', 'M', 'L', 'XL']"}
{"ts": "2026-06-10T11:09:11.739194+00:00", "level": "INFO", "logger": "pipeline.scrapers.asos", "scraper": "asos", "msg": "  ✓ Collusion - Jean droit décontracté — 36.99€ — ['XS', 'S', 'M', 'L', 'XL', 'XXL']"}
{"ts": "2026-06-10T11:09:23.414810+00:00", "level": "INFO", "logger": "pipeline.scrapers.asos", "scraper": "asos", "msg": "  ✓ adidas Originals - Firebird - Jean ample - Bleu vintage — 64.99€ — []"}
{"ts": "2026-06-10T11:09:35.323717+00:00", "level": "INFO", "logger": "pipeline.scrapers.asos", "scraper": "asos", "msg": "  ✓ adidas Originals - Adilenium Season 5 - Jean - Bleu clair — 120.0€ — []"}
{"ts": "2026-06-10T11:09:46.692949+00:00", "level": "INFO", "logger": "pipeline.scrapers.asos", "scraper": "asos", "msg": "  ✓ AAPE by A BATHING APE® - Jean ample style charpentier - Bleu vintage — 179.99€ — ['M', 'XL', 'S', 'L']"}
{"ts": "2026-06-10T11:09:58.683682+00:00", "level": "INFO", "logger": "pipeline.scrapers.asos", "scraper": "asos", "msg": "  ✓ AAPE by A BATHING APE® - Jean ample à logo imprimé - Noir délavé — 179.99€ — ['L', 'S', 'XL', 'M']"}
{"ts": "2026-06-10T11:11:59.554053+00:00", "level": "INFO", "logger": "pipeline.scrapers.asos", "scraper": "asos", "msg": "  ✓ ASOS DESIGN - Sweat à capuche d'ensemble oversize en jean à carreaux - Bleu — 69.99€ — ['XS', 'S', 'M', 'L', 'XL', 'XXL']"}
{"ts": "2026-06-10T11:12:10.168597+00:00", "level": "INFO", "logger": "pipeline.scrapers.asos", "scraper": "asos", "msg": "  ✓ Calvin Klein Jeans - Jean baggy - Bleu moyen délavé — 69.99€ — []"}
{"ts": "2026-06-10T11:14:22.921053+00:00", "level": "INFO", "logger": "pipeline.scrapers.asos", "scraper": "asos", "msg": "  ✓ Jack & Jones - Alex - Jean baggy - Gris clair — 29.99€ — ['XS', 'S', 'M', 'L', 'XL', 'XXL']"}
{"ts": "2026-06-10T11:14:33.386819+00:00", "level": "INFO", "logger": "pipeline.scrapers.asos", "scraper": "asos", "msg": "  ✓ BLEND - Jean droit coupe classique - Bleu clair délavé — 39.99€ — ['XS', 'S', 'M', 'L', 'XL', 'XXL']"}
{"ts": "2026-06-10T11:14:44.079619+00:00", "level": "INFO", "logger": "pipeline.scrapers.asos", "scraper": "asos", "msg": "  ✓ Jack & Jones - Jean en denim - Noir — 48.95€ — ['XS', 'S', 'M', 'L', 'XL']"}
{"ts": "2026-06-10T11:14:53.580411+00:00", "level": "INFO", "logger": "pipeline.scrapers.asos", "scraper": "asos", "msg": "  ✓ adidas Originals - Firebird - Jean ample - Noir — 80.0€ — []"}
{"ts": "2026-06-10T11:15:05.127480+00:00", "level": "INFO", "logger": "pipeline.scrapers.asos", "scraper": "asos", "msg": "  ✓ Carhartt WIP - Salopette en jean - Bleu moyen délavé — 149.99€ — ['XS', 'S', 'M', 'L', 'XL', 'XXL']"}
{"ts": "2026-06-10T11:17:13.127065+00:00", "level": "INFO", "logger": "pipeline.scrapers.asos", "scraper": "asos", "msg": "  ✓ Carhartt WIP - OG - Jean droit décontracté à genoux renforcés - Bleu moyen délavé — 109.99€ — ['XS', 'S', 'M', 'XL', 'XXL']"}
{"ts": "2026-06-10T11:17:25.143157+00:00", "level": "INFO", "logger": "pipeline.scrapers.asos", "scraper": "asos", "msg": "  ✓ Jack & Jones - Chris - Jean droit déchiré - Bleu clair — 36.99€ — ['XS', 'S', 'M', 'L', 'XL']"}
{"ts": "2026-06-10T11:17:38.532621+00:00", "level": "INFO", "logger": "pipeline.scrapers.asos", "scraper": "asos", "msg": "  ✓ JJ Rebel - Noah - Jean droit - Noir — 24.99€ — ['XS', 'S', 'M', 'L', 'XL']"}
{"ts": "2026-06-10T11:17:50.245479+00:00", "level": "INFO", "logger": "pipeline.scrapers.asos", "scraper": "asos", "msg": "  ✓ Carhartt WIP - Brandon - Jean coupe droite ample - Noir — 79.99€ — ['XS', 'S', 'M', 'XL', 'XXL']"}
{"ts": "2026-06-10T11:20:16.746059+00:00", "level": "INFO", "logger": "pipeline.scrapers.asos", "scraper": "asos", "msg": "  ✓ Carhartt WIP - Jean droit simple et décontracté - Bleu délavé — 109.0€ — ['XS', 'S', 'M', 'L', 'XL', 'XXL']"}
{"ts": "2026-06-10T11:20:28.463029+00:00", "level": "INFO", "logger": "pipeline.scrapers.asos", "scraper": "asos", "msg": "  ✓ Carhartt WIP - Landon - Jean fuselé ample - Craie délavé — 94.99€ — ['XS', 'S', 'M', 'L', 'XL']"}
{"ts": "2026-06-10T11:20:39.434279+00:00", "level": "INFO", "logger": "pipeline.scrapers.asos", "scraper": "asos", "msg": "  ✓ Cotton On - Bermuda ultra baggy en jean - Noir — 54.0€ — ['XS', 'S', 'M', 'L', 'XL']"}
{"ts": "2026-06-10T11:20:49.059661+00:00", "level": "INFO", "logger": "pipeline.scrapers.asos", "scraper": "asos", "msg": "  ✓ Stan Ray - Jean droit style charpentier - Bleu — 109.99€ — ['XS', 'S', 'M', 'L', 'XL', 'XXL']"}
{"ts": "2026-06-10T11:22:59.293929+00:00", "level": "INFO", "logger": "pipeline.scrapers.asos", "scraper": "asos", "msg": "  ✓ Stan Ray - Jean droit style charpentier - Beige — 84.99€ — ['XS', 'S', 'M', 'L', 'XL', 'XXL']"}
{"ts": "2026-06-10T11:23:09.379565+00:00", "level": "INFO", "logger": "pipeline.scrapers.asos", "scraper": "asos", "msg": "  ✓ True Religion - Bobby Super T - Jean style skateur - Bleu clair délavé — 219.0€ — ['XS', 'S', 'M', 'L', 'XL', 'XXL']"}
{"ts": "2026-06-10T11:23:24.967257+00:00", "level": "INFO", "logger": "pipeline.scrapers.asos", "scraper": "asos", "msg": "  ✓ Faded Store - Jean ample à ourlets effet usé - Bleu délavé — 54.99€ — ['XS', 'S', 'M', 'L', 'XL', 'XXL']"}
{"ts": "2026-06-10T11:23:37.112739+00:00", "level": "INFO", "logger": "pipeline.scrapers.asos", "scraper": "asos", "msg": "  ✓ Jack & Jones - Chris - Jean droit - Bleu foncé — 44.99€ — ['XS', 'S', 'M', 'L', 'XL']"}
{"ts": "2026-06-10T11:24:19.302821+00:00", "level": "INFO", "logger": "pipeline.scrapers.asos", "scraper": "asos", "msg": "  ✓ JJ Rebel - Noah - Jean droit - Noir délavé — 27.99€ — ['XS', 'S', 'M', 'L', 'XL']"}
{"ts": "2026-06-10T11:24:30.539336+00:00", "level": "INFO", "logger": "pipeline.scrapers.asos", "scraper": "asos", "msg": "  ✓ True Religion - Ricky Super T - Jean droit - Noir délavé — 159.99€ — ['XS', 'S', 'M', 'L', 'XL', 'XXL']"}
{"ts": "2026-06-10T11:24:43.809815+00:00", "level": "INFO", "logger": "pipeline.scrapers.asos", "scraper": "asos", "msg": "  ✓ Stan Ray - Jean décontracté - Noir — 79.99€ — ['XS', 'S', 'M', 'L', 'XL', 'XXL']"}
{"ts": "2026-06-10T11:24:56.162737+00:00", "level": "INFO", "logger": "pipeline.scrapers.asos", "scraper": "asos", "msg": "[ASOS] Adulte/Homme/Vêtement — shorts"}
{"ts": "2026-06-10T11:25:15.787828+00:00", "level": "INFO", "logger": "pipeline.scrapers.asos", "scraper": "asos", "msg": "[ASOS] 58 URLs trouvées"}
{"ts": "2026-06-10T11:25:28.632047+00:00", "level": "INFO", "logger": "pipeline.scrapers.asos", "scraper": "asos", "msg": "  ✓ Jack & Jones - Ron - Short en jean - Noir délavé — 23.95€ — ['XS', 'S', 'M', 'L', 'XL', 'XXL']"}
{"ts": "2026-06-10T11:25:38.876424+00:00", "level": "INFO", "logger": "pipeline.scrapers.asos", "scraper": "asos", "msg": "  ✓ Jack & Jones - Tony - Short ample en jean - Bleu moyen — 39.99€ — ['XS', 'S', 'M', 'L', 'XL', 'XXL']"}
{"ts": "2026-06-10T11:25:51.593153+00:00", "level": "INFO", "logger": "pipeline.scrapers.asos", "scraper": "asos", "msg": "  ✓ Jack & Jones - Alex - Short en jean coupe baggy - Noir délavé — 25.99€ — ['XS', 'S', 'M', 'L', 'XL', 'XXL']"}
{"ts": "2026-06-10T11:26:04.842313+00:00", "level": "INFO", "logger": "pipeline.scrapers.asos", "scraper": "asos", "msg": "  ✓ COLLUSION - Bermuda style skateur en jean - Bleu moyen — 34.99€ — ['XS', 'S', 'M', 'L', 'XL', 'XXL']"}
{"ts": "2026-06-10T11:26:14.743654+00:00", "level": "INFO", "logger": "pipeline.scrapers.asos", "scraper": "asos", "msg": "  ✓ Bershka - Bermuda oversize effet néoprène - Gris clair — 25.99€ — ['XS', 'S', 'M', 'L', 'XL']"}
{"ts": "2026-06-10T11:26:26.426513+00:00", "level": "INFO", "logger": "pipeline.scrapers.asos", "scraper": "asos", "msg": "  ✓ Bershka - Bermuda oversize effet néoprène - Noir — 25.99€ — ['XS', 'S', 'M', 'L', 'XL']"}
{"ts": "2026-06-10T11:26:36.762476+00:00", "level": "INFO", "logger": "pipeline.scrapers.asos", "scraper": "asos", "msg": "  ✓ COLLUSION - Bermuda long à bandes latérales - Gris — 37.99€ — ['XS', 'S', 'M', 'L', 'XL', 'XXL', 'XXXL']"}
{"ts": "2026-06-10T11:26:47.811415+00:00", "level": "INFO", "logger": "pipeline.scrapers.asos", "scraper": "asos", "msg": "  ✓ ASOS DESIGN - Essentials - Short basique en jersey coupe oversize mi-longue - Blanc cassé — 22.99€ — ['XS', 'S', 'M', 'L', 'XL', 'XXL']"}
{"ts": "2026-06-10T11:26:59.292921+00:00", "level": "INFO", "logger": "pipeline.scrapers.asos", "scraper": "asos", "msg": "  ✓ Jack & Jones - Short cargo - Noir — 29.99€ — ['XS', 'S', 'M', 'L', 'XL', 'XXL']"}
{"ts": "2026-06-10T11:27:09.626868+00:00", "level": "INFO", "logger": "pipeline.scrapers.asos", "scraper": "asos", "msg": "  ✓ adidas Originals - Short cargo en sergé - Noir — 75.0€ — ['XS', 'S', 'M', 'L', 'XL', 'XXL']"}
{"ts": "2026-06-10T11:27:21.650301+00:00", "level": "INFO", "logger": "pipeline.scrapers.asos", "scraper": "asos", "msg": "  ✓ Jack & Jones - Short cargo - Kaki — 39.99€ — ['XS', 'S', 'M', 'L', 'XL', 'XXL']"}
{"ts": "2026-06-10T11:27:33.379281+00:00", "level": "INFO", "logger": "pipeline.scrapers.asos", "scraper": "asos", "msg": "  ✓ Jack & Jones - Short en lin mélangé - Beige — 29.99€ — ['XS', 'S', 'M', 'L', 'XL', 'XXL', 'XXXL']"}
{"ts": "2026-06-10T11:27:43.199479+00:00", "level": "INFO", "logger": "pipeline.scrapers.asos", "scraper": "asos", "msg": "  ✓ Pull&Bear - Short en lin mélangé - Multicolore — 25.99€ — ['XS', 'S', 'M', 'L', 'XL']"}
{"ts": "2026-06-10T11:27:54.583591+00:00", "level": "INFO", "logger": "pipeline.scrapers.asos", "scraper": "asos", "msg": "  ✓ Jack & Jones - Tony - Short style peintre - Crème — 39.99€ — ['XS', 'S', 'M', 'L', 'XL', 'XXL']"}
{"ts": "2026-06-10T11:28:05.331756+00:00", "level": "INFO", "logger": "pipeline.scrapers.asos", "scraper": "asos", "msg": "  ✓ ASOS DESIGN - Short basique oversize en jersey - Noir — 19.99€ — ['XS', 'S', 'M', 'L', 'XL', 'XXL']"}
{"ts": "2026-06-10T11:28:15.042324+00:00", "level": "INFO", "logger": "pipeline.scrapers.asos", "scraper": "asos", "msg": "  ✓ Weekday - Short oversize en lin mélangé - Beige — 51.99€ — ['XS', 'S', 'M', 'L', 'XL']"}
{"ts": "2026-06-10T11:28:26.128235+00:00", "level": "INFO", "logger": "pipeline.scrapers.asos", "scraper": "asos", "msg": "  ✓ ASOS DESIGN - Short oversize mi-long basique en jersey - Beige — 15.99€ — ['XS', 'S', 'M', 'L', 'XL', 'XXL']"}
{"ts": "2026-06-10T11:28:35.731946+00:00", "level": "INFO", "logger": "pipeline.scrapers.asos", "scraper": "asos", "msg": "  ✓ Bershka - Bermuda baggy en denim - Bleu — 29.99€ — ['XS', 'S', 'M', 'L', 'XL', 'XXL', 'XXXL']"}
{"ts": "2026-06-10T11:28:47.142053+00:00", "level": "INFO", "logger": "pipeline.scrapers.asos", "scraper": "asos", "msg": "  ✓ Jack & Jones - Ron - Bermuda en jean baggy - Bleu clair — 23.95€ — ['XS', 'S', 'M', 'L', 'XL', 'XXL']"}
{"ts": "2026-06-10T11:28:57.195394+00:00", "level": "INFO", "logger": "pipeline.scrapers.asos", "scraper": "asos", "msg": "  ✓ Collusion - Short en jean à taille mi-haute - Noir délavé — 32.99€ — ['XS', 'S', 'M', 'L', 'XL', 'XXL']"}
{"ts": "2026-06-10T11:29:07.578473+00:00", "level": "INFO", "logger": "pipeline.scrapers.asos", "scraper": "asos", "msg": "  ✓ Jack & Jones - Alex - Short en jean baggy - Noir — 27.95€ — ['XS', 'S', 'M', 'L', 'XL', 'XXL']"}
{"ts": "2026-06-10T11:29:19.991456+00:00", "level": "INFO", "logger": "pipeline.scrapers.asos", "scraper": "asos", "msg": "  ✓ ONLY & SONS - Short d'ensemble texturé en lin mélangé - Taupe — 37.99€ — ['XS', 'S', 'M', 'L', 'XL', 'XXL']"}
{"ts": "2026-06-10T11:29:32.183807+00:00", "level": "INFO", "logger": "pipeline.scrapers.asos", "scraper": "asos", "msg": "  ✓ Pull&Bear - Short en lin mélangé - Camel clair — 25.99€ — ['XS', 'S', 'M', 'L', 'XL']"}
{"ts": "2026-06-10T11:29:45.117810+00:00", "level": "INFO", "logger": "pipeline.scrapers.asos", "scraper": "asos", "msg": "  ✓ Pull&Bear - Short en lin mélangé à rayures — 25.99€ — ['XS', 'S', 'M', 'L', 'XL']"}
{"ts": "2026-06-10T11:29:57.264264+00:00", "level": "INFO", "logger": "pipeline.scrapers.asos", "scraper": "asos", "msg": "  ✓ ASOS DESIGN - Short oversize basique d'ensemble - Kaki — 13.99€ — ['XS', 'S', 'M', 'L', 'XL', 'XXL']"}
{"ts": "2026-06-10T11:30:07.326070+00:00", "level": "INFO", "logger": "pipeline.scrapers.asos", "scraper": "asos", "msg": "  ✓ ASOS DESIGN - Short oversize en jersey texturé gaufré - Anthracite — 20.99€ — ['XS', 'S', 'M', 'L', 'XL', 'XXL']"}
{"ts": "2026-06-10T11:30:19.126514+00:00", "level": "INFO", "logger": "pipeline.scrapers.asos", "scraper": "asos", "msg": "  ✓ ASOS DESIGN - Short oversize côtelé - Rose — 20.99€ — ['XS', 'S', 'M', 'L', 'XL', 'XXL']"}
{"ts": "2026-06-10T11:30:30.031211+00:00", "level": "INFO", "logger": "pipeline.scrapers.asos", "scraper": "asos", "msg": "  ✓ Jack & Jones - Tony - Short style peintre - Gris — 39.99€ — ['XS', 'S', 'M', 'L', 'XL', 'XXL']"}
{"ts": "2026-06-10T11:30:42.732133+00:00", "level": "INFO", "logger": "pipeline.scrapers.asos", "scraper": "asos", "msg": "  ✓ Brave Soul - Short chino - Taupe — 26.99€ — ['S', 'M', 'L', 'XL']"}
{"ts": "2026-06-10T11:30:55.313252+00:00", "level": "INFO", "logger": "pipeline.scrapers.asos", "scraper": "asos", "msg": "  ✓ Jack & Jones - Short chino coupe classique - Beige — 24.99€ — ['XS', 'S', 'M', 'L', 'XL', 'XXL']"}
{"ts": "2026-06-10T11:31:06.680225+00:00", "level": "INFO", "logger": "pipeline.scrapers.asos", "scraper": "asos", "msg": "  ✓ Jack & Jones - Lot de 2 shorts chino - Bleu marine et beige — 63.99€ — ['XS', 'S', 'M', 'L', 'XL', 'XXL']"}
{"ts": "2026-06-10T11:31:19.899350+00:00", "level": "INFO", "logger": "pipeline.scrapers.asos", "scraper": "asos", "msg": "  ✓ Jack & Jones - Short en lin mélangé avec cordon de serrage - Noir — 27.99€ — ['XS', 'S', 'M', 'L', 'XL', 'XXL']"}
{"ts": "2026-06-10T11:31:32.321269+00:00", "level": "INFO", "logger": "pipeline.scrapers.asos", "scraper": "asos", "msg": "  ✓ 4505 - Short de sport cargo 18 cm en nylon froissé à poches zippées - Noir — 32.99€ — ['XS', 'S', 'M', 'L', 'XL', 'XXL']"}
{"ts": "2026-06-10T11:31:44.804167+00:00", "level": "INFO", "logger": "pipeline.scrapers.asos", "scraper": "asos", "msg": "  ✓ Topman - Short bouffant en tissu ripstop - Bleu marine — 59.99€ — ['XS', 'S', 'M', 'L', 'XL', 'XXL']"}
{"ts": "2026-06-10T11:31:51.490855+00:00", "level": "WARNING", "logger": "pipeline.scrapers.asos", "scraper": "asos", "msg": "[ASOS] Erreur sur https://www.asos.com/fr/carhartt-wip/carhartt-wip-cole-short-cargo-noir/prd/210349020 : Page.goto: net::ERR_NETWORK_CHANGED at https://www.asos.com/fr/carhartt-wip/carhartt-wip-cole-short-cargo-noir/prd/210349020\nCall log:\nnavigating to \"https://www.asos.com/fr/carhartt-wip/carhartt-wip-cole-short-cargo-noir/prd/210349020\", waiting until \"domcontentloaded\"\n"}
{"ts": "2026-06-10T11:32:22.028352+00:00", "level": "INFO", "logger": "pipeline.scrapers.asos", "scraper": "asos", "msg": "  ✓ Only & Sons - Short cargo - Kaki clair — 21.99€ — ['XS', 'S', 'M', 'L', 'XL', 'XXL']"}
{"ts": "2026-06-10T11:32:34.752476+00:00", "level": "INFO", "logger": "pipeline.scrapers.asos", "scraper": "asos", "msg": "  ✓ Selected - Short en lin mélangé avec cordon de serrage - Marron — 36.99€ — ['XS', 'S', 'M', 'L', 'XL', 'XXL']"}
{"ts": "2026-06-10T11:32:46.502869+00:00", "level": "INFO", "logger": "pipeline.scrapers.asos", "scraper": "asos", "msg": "  ✓ Hugo BOSS - Short en lin rayé - Gris — 139.99€ — ['S', 'M', 'L', 'XL']"}
{"ts": "2026-06-10T11:32:56.378344+00:00", "level": "INFO", "logger": "pipeline.scrapers.asos", "scraper": "asos", "msg": "  ✓ ASOS DESIGN - Short oversize en jersey avec poche arrière - Beige — 24.99€ — ['XS', 'S', 'M', 'L', 'XL', 'XXL']"}
{"ts": "2026-06-10T11:33:08.574278+00:00", "level": "INFO", "logger": "pipeline.scrapers.asos", "scraper": "asos", "msg": "  ✓ ASOS DESIGN - Short ajusté mi-long basique en jersey - Beige — 13.99€ — ['XS', 'S', 'M', 'L', 'XL', 'XXL']"}
{"ts": "2026-06-10T11:33:19.878278+00:00", "level": "INFO", "logger": "pipeline.scrapers.asos", "scraper": "asos", "msg": "  ✓ ASOS DESIGN - Short basique coupe oversize mi-longue - Kaki — 22.99€ — ['XS', 'S', 'M', 'L', 'XL', 'XXL']"}
{"ts": "2026-06-10T11:33:30.977751+00:00", "level": "INFO", "logger": "pipeline.scrapers.asos", "scraper": "asos", "msg": "  ✓ Bershka - Bermuda plissé ajusté - Noir — 29.99€ — ['XS', 'S', 'M', 'L', 'XL', 'XXL']"}
{"ts": "2026-06-10T11:33:42.361107+00:00", "level": "INFO", "logger": "pipeline.scrapers.asos", "scraper": "asos", "msg": "  ✓ Jack & Jones - Tony - Short ample en jean - Noir — 29.99€ — ['XS', 'S', 'M', 'L', 'XL', 'XXL']"}
{"ts": "2026-06-10T11:33:53.433676+00:00", "level": "INFO", "logger": "pipeline.scrapers.asos", "scraper": "asos", "msg": "  ✓ adidas Originals - Sprinter - Short - Vert — 50.0€ — ['XS', 'S', 'M', 'L', 'XL', 'XXL']"}
{"ts": "2026-06-10T11:34:03.434436+00:00", "level": "INFO", "logger": "pipeline.scrapers.asos", "scraper": "asos", "msg": "  ✓ Jack & Jones - Tony - Short ample - Bleu moyen — 29.99€ — ['XS', 'S', 'M', 'L', 'XL', 'XXL']"}
{"ts": "2026-06-10T11:34:15.802693+00:00", "level": "INFO", "logger": "pipeline.scrapers.asos", "scraper": "asos", "msg": "  ✓ Jack & Jones - Owen - Bermuda baggy à imprimé léopard - Gris — 39.99€ — ['XS', 'S', 'M', 'L', 'XL', 'XXL']"}
{"ts": "2026-06-10T11:34:27.633554+00:00", "level": "INFO", "logger": "pipeline.scrapers.asos", "scraper": "asos", "msg": "  ✓ adidas Originals - Resort - Short en crépon à imprimé fleuri - Blanc cassé — 55.0€ — ['XS', 'S', 'M', 'L', 'XL', 'XXL']"}
{"ts": "2026-06-10T11:34:39.314988+00:00", "level": "INFO", "logger": "pipeline.scrapers.asos", "scraper": "asos", "msg": "  ✓ Jack & Jones - Bermuda en jean baggy - Bleu — 23.95€ — ['XS', 'S', 'M', 'L', 'XL', 'XXL']"}
{"ts": "2026-06-10T11:34:50.946284+00:00", "level": "INFO", "logger": "pipeline.scrapers.asos", "scraper": "asos", "msg": "  ✓ 4505 - Icon - Short de sport 13 cm en tissu à séchage rapide avec poches zippées - Noir — 24.99€ — ['XS', 'S', 'M', 'L', 'XL', 'XXL']"}
{"ts": "2026-06-10T11:35:03.647321+00:00", "level": "INFO", "logger": "pipeline.scrapers.asos", "scraper": "asos", "msg": "  ✓ Bershka - Bermuda basique en polaire - Noir — 17.99€ — ['XS', 'S', 'M', 'L', 'XL']"}
{"ts": "2026-06-10T11:35:14.467182+00:00", "level": "INFO", "logger": "pipeline.scrapers.asos", "scraper": "asos", "msg": "  ✓ COLLUSION - Bermuda style skateur - Brut — 25.99€ — ['XS', 'S', 'M', 'L', 'XL', 'XXL']"}
{"ts": "2026-06-10T11:35:25.426393+00:00", "level": "INFO", "logger": "pipeline.scrapers.asos", "scraper": "asos", "msg": "  ✓ adidas Performance - Workout Essentials Base - Short tissé - Noir — 28.0€ — ['XS', 'S', 'M', 'L', 'XL', 'XXL', 'XXXL']"}
{"ts": "2026-06-10T11:35:37.476065+00:00", "level": "INFO", "logger": "pipeline.scrapers.asos", "scraper": "asos", "msg": "  ✓ Exclusivité ASOS - adidas Originals - Sprinter - Short - Gris foncé — 50.0€ — ['XS', 'S', 'M', 'L', 'XL', 'XXL']"}
{"ts": "2026-06-10T11:35:48.367025+00:00", "level": "INFO", "logger": "pipeline.scrapers.asos", "scraper": "asos", "msg": "  ✓ Jack & Jones - Tony - Short ample en jean - Bleu clair — 39.99€ — ['XS', 'S', 'M', 'L', 'XL', 'XXL']"}
{"ts": "2026-06-10T11:35:58.598238+00:00", "level": "INFO", "logger": "pipeline.scrapers.asos", "scraper": "asos", "msg": "  ✓ Nike Running - Miler - Short 7 pouces en tissu Dri-FIT - Noir — 39.99€ — ['S', 'M', 'L', 'XL', 'XXL']"}
{"ts": "2026-06-10T11:36:09.770781+00:00", "level": "INFO", "logger": "pipeline.scrapers.asos", "scraper": "asos", "msg": "  ✓ New Look - Short molletonné - Gris chiné — 23.99€ — ['XS', 'S', 'M', 'L', 'XL', 'XXL']"}
{"ts": "2026-06-10T11:36:28.212745+00:00", "level": "INFO", "logger": "pipeline.scrapers.asos", "scraper": "asos", "msg": "  ✓ Bershka - Bermuda coupe carrée à imprimé - Beige — 19.99€ — ['XS', 'S', 'M', 'L', 'XL']"}
{"ts": "2026-06-10T11:36:40.178944+00:00", "level": "INFO", "logger": "pipeline.scrapers.asos", "scraper": "asos", "msg": "  ✓ Nike - Club - Short en maille - Gris — 39.99€ — ['XS', 'S', 'M', 'L', 'XL', 'XXL']"}
{"ts": "2026-06-10T11:36:54.345021+00:00", "level": "INFO", "logger": "pipeline.scrapers.asos", "scraper": "asos", "msg": "[ASOS] Adulte/Homme/Chaussures — chaussures-bottes-et-baskets"}
{"ts": "2026-06-10T11:37:15.162588+00:00", "level": "INFO", "logger": "pipeline.scrapers.asos", "scraper": "asos", "msg": "[ASOS] 72 URLs trouvées"}
{"ts": "2026-06-10T11:37:27.406119+00:00", "level": "INFO", "logger": "pipeline.scrapers.asos", "scraper": "asos", "msg": "  ✓ Pull&Bear - Mocassins à semelle chunky - Noir — 39.99€ — [39, 40, 41, 42, 43, 44, 45, 46]"}
{"ts": "2026-06-10T11:37:40.511590+00:00", "level": "INFO", "logger": "pipeline.scrapers.asos", "scraper": "asos", "msg": "  ✓ SEQWL - Kayak - Mocassins à pampilles - Taupe micro — 36.99€ — [40, 41, 42, 43, 44, 45, 46]"}
{"ts": "2026-06-10T11:37:54.036623+00:00", "level": "INFO", "logger": "pipeline.scrapers.asos", "scraper": "asos", "msg": "  ✓ Jack & Jones - Mocassins en cuir - Noir — 69.99€ — [40, 41, 42, 43, 44, 45, 46]"}
{"ts": "2026-06-10T11:38:05.046888+00:00", "level": "INFO", "logger": "pipeline.scrapers.asos", "scraper": "asos", "msg": "  ✓ SEQWL - Kayak - Mocassins en microfibre - Fauve — 36.99€ — [40, 41, 42, 43, 44, 45, 46]"}
{"ts": "2026-06-10T11:38:18.380329+00:00", "level": "INFO", "logger": "pipeline.scrapers.asos", "scraper": "asos", "msg": "  ✓ SEQWL - Pier - Mocassins à semelle chunky - Marron micro — 40.99€ — [40, 41, 42, 43, 44, 45, 46]"}
{"ts": "2026-06-10T11:40:04.605921+00:00", "level": "INFO", "logger": "pipeline.scrapers.asos", "scraper": "asos", "msg": "  ✓ SEQWL - Pier - Mocassins chunky avec tige tressée - Blanc cassé — None€ — [40, 41, 42, 43, 44, 45, 46]"}
{"ts": "2026-06-10T11:40:18.616563+00:00", "level": "INFO", "logger": "pipeline.scrapers.asos", "scraper": "asos", "msg": "  ✓ SEQWL - Pier - Mocassins en imitation daim à semelle chunky - Sable — 30.99€ — [40, 41, 42, 43, 44, 45, 46]"}
{"ts": "2026-06-10T11:40:28.252013+00:00", "level": "INFO", "logger": "pipeline.scrapers.asos", "scraper": "asos", "msg": "  ✓ schuh - Risk - Mocassins en daim - Fauve — 72.99€ — [40, 41, 42, 43, 44, 45, 46]"}
{"ts": "2026-06-10T11:40:40.013762+00:00", "level": "INFO", "logger": "pipeline.scrapers.asos", "scraper": "asos", "msg": "  ✓ SEQWL - Calvin Pier - Mocassins à pampilles - Naturel — 46.99€ — [40, 41, 42, 43, 44, 45, 46]"}
{"ts": "2026-06-10T11:42:27.092725+00:00", "level": "INFO", "logger": "pipeline.scrapers.asos", "scraper": "asos", "msg": "  ✓ Pull&Bear - Stwd - Mocassins tressés - Noir — 45.99€ — [39, 40, 41, 42, 43, 44, 45]"}
{"ts": "2026-06-10T11:42:38.517572+00:00", "level": "INFO", "logger": "pipeline.scrapers.asos", "scraper": "asos", "msg": "  ✓ Tommy Hilfiger - Mocassins en daim - Bleu marine — 139.9€ — [40, 41, 42, 43, 44, 45, 46]"}
{"ts": "2026-06-10T11:42:48.472610+00:00", "level": "INFO", "logger": "pipeline.scrapers.asos", "scraper": "asos", "msg": "  ✓ SEQWL - Charlie - Mocassins à pampilles - Marron — 36.99€ — [40, 41, 42, 43, 44, 45, 46]"}
{"ts": "2026-06-10T11:43:01.096863+00:00", "level": "INFO", "logger": "pipeline.scrapers.asos", "scraper": "asos", "msg": "  ✓ Walk London - Dalston - Mocassins en cuir lisse à pampilles et franges - Bordeaux — 200.0€ — [40, 41, 42, 43, 44, 45, 46]"}
{"ts": "2026-06-10T11:43:11.963039+00:00", "level": "INFO", "logger": "pipeline.scrapers.asos", "scraper": "asos", "msg": "  ✓ Tommy Hilfiger - Mocassins en daim avec plaque à logo drapeau - Marron — 139.9€ — [40, 41, 42, 43, 44, 45, 46]"}
{"ts": "2026-06-10T11:43:22.052255+00:00", "level": "INFO", "logger": "pipeline.scrapers.asos", "scraper": "asos", "msg": "  ✓ SEQWL - Hero - Mocassins en PU à pampilles - Noir mat — 30.99€ — [40, 41, 42, 43, 44, 45, 46]"}
{"ts": "2026-06-10T11:43:32.174392+00:00", "level": "INFO", "logger": "pipeline.scrapers.asos", "scraper": "asos", "msg": "  ✓ Tommy Hilfiger - Mocassins souples en cuir avec pampilles à logo - Noir — 159.9€ — [40, 41, 42, 43, 44, 45, 46]"}
{"ts": "2026-06-10T11:43:42.187068+00:00", "level": "INFO", "logger": "pipeline.scrapers.asos", "scraper": "asos", "msg": "  ✓ Calvin Klein - Mocassins en cuir - Noir — 169.99€ — [40, 41, 42, 43, 44, 45, 46]"}
{"ts": "2026-06-10T11:43:52.329690+00:00", "level": "INFO", "logger": "pipeline.scrapers.asos", "scraper": "asos", "msg": "  ✓ Tommy Hilfiger - Mocassins de conduite en daim - Fauve — 129.9€ — [40, 41, 42, 43, 44, 45, 46]"}
{"ts": "2026-06-10T11:44:03.881262+00:00", "level": "INFO", "logger": "pipeline.scrapers.asos", "scraper": "asos", "msg": "  ✓ Walk London - Sean - Mocassins en daim à pampilles - Taupe — 130.0€ — [40, 41, 42, 43, 44, 45, 46]"}
{"ts": "2026-06-10T11:44:14.065307+00:00", "level": "INFO", "logger": "pipeline.scrapers.asos", "scraper": "asos", "msg": "  ✓ Timberland - Chaussures bateau classiques pleine fleur - Rouge moyen — 112.0€ — [40, 41, 41, 42, 43, 43, 44, 44, 45, 45, 46, 47]"}
{"ts": "2026-06-10T11:44:23.634626+00:00", "level": "INFO", "logger": "pipeline.scrapers.asos", "scraper": "asos", "msg": "  ✓ Polo Ralph Lauren - Mocassins en daim - Fauve désert — 189.99€ — [41, 42, 43, 44, 45, 46]"}
{"ts": "2026-06-10T11:44:33.923965+00:00", "level": "INFO", "logger": "pipeline.scrapers.asos", "scraper": "asos", "msg": "  ✓ schuh - Robbie - Mocassins tressés à pampilles - Bleu marine — 50.99€ — [41, 42, 43, 44, 45, 46]"}
{"ts": "2026-06-10T11:44:44.138924+00:00", "level": "INFO", "logger": "pipeline.scrapers.asos", "scraper": "asos", "msg": "  ✓ schuh - Robbie - Mocassins tressés à pampilles - Noir — 50.99€ — [41, 42, 43, 44, 45, 46]"}
{"ts": "2026-06-10T11:44:54.511633+00:00", "level": "INFO", "logger": "pipeline.scrapers.asos", "scraper": "asos", "msg": "  ✓ Bershka - Mocassins à fronces - Noir — 39.99€ — [39, 40, 41, 42, 43, 44, 45, 46]"}
{"ts": "2026-06-10T11:45:05.965285+00:00", "level": "INFO", "logger": "pipeline.scrapers.asos", "scraper": "asos", "msg": "  ✓ SEQWL - Pier - Mocassins chunky avec tige effet tressé - Bordeaux — 34.99€ — [40, 41, 42, 43, 44, 45, 46]"}
{"ts": "2026-06-10T11:45:16.907567+00:00", "level": "INFO", "logger": "pipeline.scrapers.asos", "scraper": "asos", "msg": "  ✓ schuh - Robbie - Mocassins tressés à pampilles - Marron — 50.99€ — [41, 42, 43, 44, 45, 46]"}
{"ts": "2026-06-10T11:45:26.528818+00:00", "level": "INFO", "logger": "pipeline.scrapers.asos", "scraper": "asos", "msg": "  ✓ Walk London - Dalston - Mocassins en cuir lisse à pampilles et franges - Noir — 200.0€ — [40, 41, 42, 43, 44, 45, 46]"}
{"ts": "2026-06-10T11:45:38.085819+00:00", "level": "INFO", "logger": "pipeline.scrapers.asos", "scraper": "asos", "msg": "  ✓ Tommy Hilfiger - Mocassins bicolores - Bleu marine et crème — 159.9€ — [41, 42, 43, 44, 45, 46]"}
{"ts": "2026-06-10T11:45:49.286260+00:00", "level": "INFO", "logger": "pipeline.scrapers.asos", "scraper": "asos", "msg": "  ✓ Walk London - Brooklyn - Derbies en cuir - Noir — 137.99€ — [40, 41, 42, 43, 44, 45, 46]"}
{"ts": "2026-06-10T11:45:59.353650+00:00", "level": "INFO", "logger": "pipeline.scrapers.asos", "scraper": "asos", "msg": "  ✓ Tommy Hilfiger - Mocassins en cuir grainé - Marron foncé — 159.9€ — [40, 41, 42, 43, 44, 45, 46]"}
{"ts": "2026-06-10T11:46:09.913380+00:00", "level": "INFO", "logger": "pipeline.scrapers.asos", "scraper": "asos", "msg": "  ✓ Tommy Jeans - Archive Vulc Y2k - Chaussures bateau - Noir — 119.9€ — [40, 41, 42, 43, 44, 45, 46]"}
{"ts": "2026-06-10T11:46:20.712205+00:00", "level": "INFO", "logger": "pipeline.scrapers.asos", "scraper": "asos", "msg": "  ✓ Tommy Hilfiger - Mocassins légers en daim - Bleu foncé — 129.9€ — [40, 41, 42, 43, 44, 45, 46]"}
{"ts": "2026-06-10T11:46:30.133631+00:00", "level": "INFO", "logger": "pipeline.scrapers.asos", "scraper": "asos", "msg": "  ✓ Pompeii - Modena - Mocassins en cuir - Marron/beige — 173.0€ — [41, 42, 43, 44, 45, 46]"}
{"ts": "2026-06-10T11:46:40.750520+00:00", "level": "INFO", "logger": "pipeline.scrapers.asos", "scraper": "asos", "msg": "  ✓ Walk London - Naples - Mocassins en daim froncé - Taupe — 135.0€ — [40, 41, 42, 43, 44, 45, 46]"}
{"ts": "2026-06-10T11:46:51.182070+00:00", "level": "INFO", "logger": "pipeline.scrapers.asos", "scraper": "asos", "msg": "  ✓ Tommy Hilfiger - Mocassins à pampilles en daim souple - Marron gingembre — 159.9€ — [40, 41, 42, 43, 44, 45, 46]"}
{"ts": "2026-06-10T11:47:01.658237+00:00", "level": "INFO", "logger": "pipeline.scrapers.asos", "scraper": "asos", "msg": "  ✓ SEQWL - Beatle - Chaussures Oxford - Fauve — 40.99€ — [40, 41, 42, 43, 44, 45, 46]"}
{"ts": "2026-06-10T11:47:12.014764+00:00", "level": "INFO", "logger": "pipeline.scrapers.asos", "scraper": "asos", "msg": "  ✓ THOMAS CRICK - DUVAL - Mocassins casual à enfiler en cuir et daim — 45.0€ — [41, 42, 43, 44, 45, 46]"}
{"ts": "2026-06-10T11:47:23.661785+00:00", "level": "INFO", "logger": "pipeline.scrapers.asos", "scraper": "asos", "msg": "  ✓ Jack & Jones - Mocassins à semelle chunky - Noir — 69.99€ — [40, 41, 42, 43, 44, 45, 46]"}
{"ts": "2026-06-10T11:47:33.846643+00:00", "level": "INFO", "logger": "pipeline.scrapers.asos", "scraper": "asos", "msg": "  ✓ THOMAS CRICK - DUVAL - Mocassins casual à enfiler en cuir — 45.0€ — [41, 42, 43, 44, 45, 46]"}
{"ts": "2026-06-10T11:47:44.490284+00:00", "level": "INFO", "logger": "pipeline.scrapers.asos", "scraper": "asos", "msg": "  ✓ Timberland - Chaussures à lacets en daim - Marron foncé — 155.0€ — [40, 41, 41, 42, 43, 43, 44, 44, 45, 45, 46, 47]"}
{"ts": "2026-06-10T11:47:56.733635+00:00", "level": "INFO", "logger": "pipeline.scrapers.asos", "scraper": "asos", "msg": "  ✓ Walk London - Sean - Mocassins en cuir à mors - Noir — 130.0€ — [40, 41, 42, 43, 44, 45, 46]"}
{"ts": "2026-06-10T11:48:07.282648+00:00", "level": "INFO", "logger": "pipeline.scrapers.asos", "scraper": "asos", "msg": "  ✓ THOMAS CRICK - DUVAL - Mocassins casual à enfiler en cuir et daim — 45.0€ — [41, 42, 43, 44, 45, 46]"}
{"ts": "2026-06-10T11:48:18.339111+00:00", "level": "INFO", "logger": "pipeline.scrapers.asos", "scraper": "asos", "msg": "  ✓ SEQWL - Gunners - Chaussures derby habillées - Fauve — 40.99€ — [40, 41, 42, 43, 44, 45, 46]"}
{"ts": "2026-06-10T11:48:28.936108+00:00", "level": "INFO", "logger": "pipeline.scrapers.asos", "scraper": "asos", "msg": "  ✓ Walk London - James - Chaussures richelieu en cuir - Noir — 135.0€ — [40, 41, 42, 43, 44, 45, 46]"}
{"ts": "2026-06-10T11:48:40.487062+00:00", "level": "INFO", "logger": "pipeline.scrapers.asos", "scraper": "asos", "msg": "  ✓ SEQWL - Charlie - Mocassins en imitation daim à pampilles - Noir — 40.99€ — [40, 41, 42, 43, 44, 45, 46]"}
{"ts": "2026-06-10T11:48:53.170362+00:00", "level": "INFO", "logger": "pipeline.scrapers.asos", "scraper": "asos", "msg": "  ✓ Polo Ralph Lauren - Alston - Mocassins en cuir - Fauve — 251.99€ — [40, 41, 42, 43, 44, 45, 46]"}
{"ts": "2026-06-10T11:49:05.181112+00:00", "level": "INFO", "logger": "pipeline.scrapers.asos", "scraper": "asos", "msg": "  ✓ Thomas Crick - Banks - Chaussures richelieu habillées style derbies en cuir - Noir — 45.0€ — [41, 42, 43, 44, 45, 46]"}
{"ts": "2026-06-10T11:49:16.505355+00:00", "level": "INFO", "logger": "pipeline.scrapers.asos", "scraper": "asos", "msg": "  ✓ Thomas Crick - Cardew - Chaussures richelieu en cuir - Noir — 42.0€ — [41, 42, 43, 44, 45, 46]"}
{"ts": "2026-06-10T11:49:28.642458+00:00", "level": "INFO", "logger": "pipeline.scrapers.asos", "scraper": "asos", "msg": "  ✓ Thomas Crick - Lucas - Mocassins habillés à enfiler en cuir - Noir — 42.0€ — [41, 42, 43, 44, 45, 46]"}
{"ts": "2026-06-10T11:49:40.292474+00:00", "level": "INFO", "logger": "pipeline.scrapers.asos", "scraper": "asos", "msg": "  ✓ Thomas Crick - Fetz - Chaussures habillées à double bride - Noir — 45.0€ — [41, 42, 43, 44, 45, 46]"}
{"ts": "2026-06-10T11:49:50.199308+00:00", "level": "INFO", "logger": "pipeline.scrapers.asos", "scraper": "asos", "msg": "  ✓ Walk London - Putney - Mocassins en cuir à mors - Noir — 125.0€ — [40, 41, 42, 43, 44, 45, 46]"}
{"ts": "2026-06-10T11:50:02.397749+00:00", "level": "INFO", "logger": "pipeline.scrapers.asos", "scraper": "asos", "msg": "  ✓ SEQWL - Soda - Mules style mocassins à enfiler - Taupe — 29.99€ — [40, 41, 42, 43, 44, 45, 46]"}
{"ts": "2026-06-10T11:50:13.248910+00:00", "level": "INFO", "logger": "pipeline.scrapers.asos", "scraper": "asos", "msg": "  ✓ Bershka - Chaussures derby - Noir — 39.99€ — [39, 40, 41, 42, 43, 44, 45, 46]"}
{"ts": "2026-06-10T11:50:24.134267+00:00", "level": "INFO", "logger": "pipeline.scrapers.asos", "scraper": "asos", "msg": "  ✓ SEQWL - Charlie - Mocassins - Taupe — 36.99€ — [40, 41, 42, 43, 44, 45, 46]"}
{"ts": "2026-06-10T11:50:34.635063+00:00", "level": "INFO", "logger": "pipeline.scrapers.asos", "scraper": "asos", "msg": "  ✓ ASOS DESIGN - Mocassin à pampille en similicuir - Noir — 47.99€ — [38, 39, 40, 41, 42, 42, 43, 44, 44, 45, 46, 47, 48]"}
{"ts": "2026-06-10T11:50:46.843024+00:00", "level": "INFO", "logger": "pipeline.scrapers.asos", "scraper": "asos", "msg": "  ✓ SEQWL - Charlie - Mocassins - Marron micro — 36.99€ — [40, 41, 42, 43, 44, 45, 46]"}
{"ts": "2026-06-10T11:50:59.004982+00:00", "level": "INFO", "logger": "pipeline.scrapers.asos", "scraper": "asos", "msg": "  ✓ Jack & Jones - Mocassins en cuir - Bordeaux — 69.99€ — [40, 41, 42, 43, 44, 45, 46]"}
{"ts": "2026-06-10T11:51:11.632516+00:00", "level": "INFO", "logger": "pipeline.scrapers.asos", "scraper": "asos", "msg": "  ✓ Jack & Jones - Mules style mocassins en daim - Beige — 49.99€ — [40, 41, 42, 43, 44, 45, 46]"}
{"ts": "2026-06-10T11:51:23.481488+00:00", "level": "INFO", "logger": "pipeline.scrapers.asos", "scraper": "asos", "msg": "  ✓ schuh - Robbie - Mocassins tressés à pampilles - Fauve — 50.99€ — [41, 42, 43, 44, 45, 46]"}
{"ts": "2026-06-10T11:51:35.616423+00:00", "level": "INFO", "logger": "pipeline.scrapers.asos", "scraper": "asos", "msg": "  ✓ Walk London - Riba - Mocassins en cuir froncé - Noir — 150.0€ — [40, 41, 42, 43, 44, 45, 46]"}
{"ts": "2026-06-10T11:51:48.232818+00:00", "level": "INFO", "logger": "pipeline.scrapers.asos", "scraper": "asos", "msg": "  ✓ Pull&Bear - Mocassins en cuir à semelle chunky - Gris — 59.99€ — [39, 41, 42, 43, 44, 45, 46]"}
{"ts": "2026-06-10T11:51:59.685397+00:00", "level": "INFO", "logger": "pipeline.scrapers.asos", "scraper": "asos", "msg": "  ✓ schuh - Risk - Mocassins en daim - Chocolat — 72.99€ — [40, 41, 42, 43, 44, 45, 46]"}
{"ts": "2026-06-10T11:52:09.733449+00:00", "level": "INFO", "logger": "pipeline.scrapers.asos", "scraper": "asos", "msg": "  ✓ Calvin Klein - Mocassins en cuir - Noir — 139.9€ — [40, 41, 42, 43, 44, 45, 46]"}
{"ts": "2026-06-10T11:52:20.136646+00:00", "level": "INFO", "logger": "pipeline.scrapers.asos", "scraper": "asos", "msg": "  ✓ SEQWL - Hero - Mocassins - Taupe — 40.99€ — [40, 41, 42, 43, 44, 45, 46]"}
{"ts": "2026-06-10T11:52:32.555092+00:00", "level": "INFO", "logger": "pipeline.scrapers.asos", "scraper": "asos", "msg": "  ✓ SEQWL - Pier - Chaussures à lacets effet tressé - Marron — 46.99€ — [40, 41, 42, 43, 44, 45, 46]"}
{"ts": "2026-06-10T11:52:42.923223+00:00", "level": "INFO", "logger": "pipeline.scrapers.asos", "scraper": "asos", "msg": "  ✓ Mango - Mocassins en cuir doux - Noir — 69.99€ — [39, 42, 44, 40, 41, 46, 43, 45]"}
{"ts": "2026-06-10T11:52:54.381665+00:00", "level": "INFO", "logger": "pipeline.scrapers.asos", "scraper": "asos", "msg": "  ✓ Walk London - Putney - Mocassins en cuir à mors - Marron — 150.0€ — [40, 41, 42, 43, 44, 45, 46]"}
{"ts": "2026-06-10T11:53:05.650213+00:00", "level": "INFO", "logger": "pipeline.scrapers.asos", "scraper": "asos", "msg": "  ✓ Vans - Skate - Mocassins - Noir — 100.99€ — [39, 40, 40, 41, 42, 42, 43, 44, 44, 45, 46, 47]"}
{"ts": "2026-06-10T11:53:15.996287+00:00", "level": "INFO", "logger": "pipeline.scrapers.asos", "scraper": "asos", "msg": "  ✓ AllSaints - Slix - Mocassins en daim - Marron — 176.99€ — [41, 42, 43, 44, 45, 46]"}
{"ts": "2026-06-10T11:53:28.519457+00:00", "level": "INFO", "logger": "pipeline.scrapers.asos", "scraper": "asos", "msg": "  ✓ Calvin Klein Jeans - Chaussures à lacets hybrides en daim avec semelle chunky - Beige — 159.9€ — [40, 41, 42, 43, 44, 45, 46]"}
{"ts": "2026-06-10T11:53:39.589184+00:00", "level": "INFO", "logger": "pipeline.scrapers.asos", "scraper": "asos", "msg": "  ✓ Calvin Klein Jeans - Chaussures bateau hybrides chunky en cuir à lacets - Noir — 179.99€ — [40, 41, 42, 43, 44, 45, 46]"}
{"ts": "2026-06-10T11:53:52.105424+00:00", "level": "INFO", "logger": "pipeline.scrapers.asos", "scraper": "asos", "msg": "  ✓ Mango - Chaussures richelieu en pur cuir avec boucles - Noir — 149.99€ — [44, 42, 40, 41, 43, 46, 45, 39]"}
{"ts": "2026-06-10T11:54:01.368062+00:00", "level": "INFO", "logger": "pipeline.scrapers.asos", "scraper": "asos", "msg": "[ASOS] Adulte/Femme/Vêtement — robes"}
{"ts": "2026-06-10T11:54:20.600078+00:00", "level": "INFO", "logger": "pipeline.scrapers.asos", "scraper": "asos", "msg": "[ASOS] 72 URLs trouvées"}
{"ts": "2026-06-10T11:54:30.756705+00:00", "level": "INFO", "logger": "pipeline.scrapers.asos", "scraper": "asos", "msg": "  ✓ ASOS DESIGN - Robe boutonnée mi-longue effet froissé - Chocolat — 39.99€ — ['XS', 'S', 'M', 'L', 'XL', 'XXL', 'XXXL']"}
{"ts": "2026-06-10T11:54:43.334637+00:00", "level": "INFO", "logger": "pipeline.scrapers.asos", "scraper": "asos", "msg": "  ✓ Topshop - Robe trapèze longue à rayures avec dos nu et ourlet plongeant - Bleu — 69.99€ — ['XS', 'S', 'M', 'L', 'XL', 'XXL', 'XXXL']"}
{"ts": "2026-06-10T11:54:55.416255+00:00", "level": "INFO", "logger": "pipeline.scrapers.asos", "scraper": "asos", "msg": "  ✓ ASOS DESIGN - Robe à pois courte avec détail nœud - Noir et blanc — 39.99€ — ['XS', 'S', 'M', 'L', 'XL', 'XXL', 'XXXL']"}
{"ts": "2026-06-10T11:55:05.500324+00:00", "level": "INFO", "logger": "pipeline.scrapers.asos", "scraper": "asos", "msg": "  ✓ ONLY - Robe courte sans manches en lin mélangé - Crème — 34.99€ — ['XS', 'S', 'M', 'L', 'XL']"}
{"ts": "2026-06-10T11:55:17.744122+00:00", "level": "INFO", "logger": "pipeline.scrapers.asos", "scraper": "asos", "msg": "  ✓ ASOS DESIGN - Robe longue à détail cape oversize - Citron — 54.99€ — ['XS', 'S', 'M', 'L']"}
{"ts": "2026-06-10T11:55:29.578929+00:00", "level": "INFO", "logger": "pipeline.scrapers.asos", "scraper": "asos", "msg": "  ✓ ASOS DESIGN - Robe longue en dentelle avec manches longues et épaules dénudées - Bleu — 79.99€ — ['XS', 'S', 'M', 'L']"}
{"ts": "2026-06-10T11:55:42.720185+00:00", "level": "INFO", "logger": "pipeline.scrapers.asos", "scraper": "asos", "msg": "  ✓ ASOS DESIGN - Robe mi-longue en imitation néoprène à encolure spectaculaire - Chocolat — 69.99€ — ['XS', 'S', 'M', 'L', 'XL', 'XXL', 'XXXL']"}
{"ts": "2026-06-10T11:55:54.185584+00:00", "level": "INFO", "logger": "pipeline.scrapers.asos", "scraper": "asos", "msg": "  ✓ ASOS DESIGN - Robe mi-longue en imitation néoprène avec encolure fantaisie - Rose — 69.99€ — ['XS', 'S', 'M', 'L', 'XL', 'XXL', 'XXXL']"}
{"ts": "2026-06-10T11:56:09.753375+00:00", "level": "INFO", "logger": "pipeline.scrapers.asos", "scraper": "asos", "msg": "  ✓ ASOS DESIGN - Robe longue à bretelle torsadée et laçage dans le dos - Noir — 47.99€ — ['XS', 'S', 'M', 'L']"}
{"ts": "2026-06-10T11:56:21.596123+00:00", "level": "INFO", "logger": "pipeline.scrapers.asos", "scraper": "asos", "msg": "  ✓ ASOS DESIGN - Robe coupe trapèze longue - Neutre — 32.99€ — ['XS', 'S', 'M', 'L', 'XL', 'XXL', 'XXXL']"}
{"ts": "2026-06-10T11:56:32.401599+00:00", "level": "INFO", "logger": "pipeline.scrapers.asos", "scraper": "asos", "msg": "  ✓ ASOS DESIGN - Robe longueur mollet à épaules tombantes avec ourlet asymétrique à godets - Olive — 74.99€ — ['XS', 'S', 'M', 'L', 'XL', 'XXL', 'XXXL']"}
{"ts": "2026-06-10T11:56:44.618605+00:00", "level": "INFO", "logger": "pipeline.scrapers.asos", "scraper": "asos", "msg": "  ✓ ASOS DESIGN - Robe longue en tulle à manches longues - Citron — 59.99€ — ['XS', 'S', 'M', 'L']"}
{"ts": "2026-06-10T11:56:55.893790+00:00", "level": "INFO", "logger": "pipeline.scrapers.asos", "scraper": "asos", "msg": "  ✓ ASOS DESIGN - Robe courte plissée à dos nu et ourlet volanté - Chocolat — 47.99€ — ['XS', 'S', 'M', 'L', 'XL', 'XXL', 'XXXL']"}
{"ts": "2026-06-10T11:57:09.016917+00:00", "level": "INFO", "logger": "pipeline.scrapers.asos", "scraper": "asos", "msg": "  ✓ ASOS DESIGN - Robe longue près du corps en dentelle mélangée avec décolleté plongeant et détail croisé au dos - Noir — 54.99€ — ['XS', 'S', 'M', 'L', 'XL', 'XXL', 'XXXL']"}
{"ts": "2026-06-10T11:57:19.998604+00:00", "level": "INFO", "logger": "pipeline.scrapers.asos", "scraper": "asos", "msg": "  ✓ ASOS DESIGN - Robe courte en imitation néoprène à encolure bateau montante et détail dans le dos - Babeurre — 59.99€ — ['XS', 'S', 'M', 'L', 'XL', 'XXL', 'XXXL']"}
{"ts": "2026-06-10T11:57:30.101186+00:00", "level": "INFO", "logger": "pipeline.scrapers.asos", "scraper": "asos", "msg": "  ✓ ASOS DESIGN - Robe bustier courte et sculptée avec ornement doré de qualité supérieure - Chocolat — 109.0€ — ['XS', 'S', 'M', 'L', 'XL', 'XXL', 'XXXL']"}
{"ts": "2026-06-10T11:57:41.017655+00:00", "level": "INFO", "logger": "pipeline.scrapers.asos", "scraper": "asos", "msg": "  ✓ Nobody's Child - Dee Dee - Robe mi-longue à imprimé - Vert — 85.99€ — ['XS', 'S', 'M', 'L', 'XL', 'XXL', 'XXXL']"}
{"ts": "2026-06-10T11:57:51.494654+00:00", "level": "INFO", "logger": "pipeline.scrapers.asos", "scraper": "asos", "msg": "  ✓ Nobody's Child - Ezra - Robe mi-longue boutonnée en lin mélangé à fleurs avec col V et manches bouffantes - Bleu — 159.99€ — ['XS', 'S', 'M', 'L', 'XL', 'XXL']"}
{"ts": "2026-06-10T11:58:02.242957+00:00", "level": "INFO", "logger": "pipeline.scrapers.asos", "scraper": "asos", "msg": "  ✓ Nobody's Child - Norma - Robe mi-longue à pois avec col V et mancherons évasés - Rouge — 104.99€ — ['XS', 'S', 'M', 'L', 'XL', 'XXL', 'XXXL']"}
{"ts": "2026-06-10T11:58:12.602247+00:00", "level": "INFO", "logger": "pipeline.scrapers.asos", "scraper": "asos", "msg": "  ✓ Nobody's Child - Sara - Robe longue évasée à imprimé fleuri et encolure américaine - Vert — 188.99€ — ['XS', 'S', 'M', 'L', 'XL', 'XXL', 'XXXL']"}
{"ts": "2026-06-10T11:58:23.774466+00:00", "level": "INFO", "logger": "pipeline.scrapers.asos", "scraper": "asos", "msg": "  ✓ ASOS DESIGN - Robe courte à pois avec nœud - Marron et bleu — 39.99€ — ['XS', 'S', 'M', 'L', 'XL', 'XXL', 'XXXL']"}
{"ts": "2026-06-10T11:58:34.789047+00:00", "level": "INFO", "logger": "pipeline.scrapers.asos", "scraper": "asos", "msg": "  ✓ ASOS DESIGN - Robe longue à pois et bretelles avec buste froncé et détail foulard - Ivoire — 54.99€ — ['XS', 'S', 'M', 'L']"}
{"ts": "2026-06-10T11:58:47.877761+00:00", "level": "INFO", "logger": "pipeline.scrapers.asos", "scraper": "asos", "msg": "  ✓ ASOS DESIGN - Robe courte sans manches à pois avec jupe à basque - Jaune — 34.99€ — ['XS', 'S', 'M', 'L']"}
{"ts": "2026-06-10T11:59:00.082495+00:00", "level": "INFO", "logger": "pipeline.scrapers.asos", "scraper": "asos", "msg": "  ✓ ASOS DESIGN - Robe longueur mollet coupée en biais à pois et encolure dégagée - Noir et blanc — 54.99€ — ['XS', 'S', 'M', 'L', 'XL', 'XXL', 'XXXL']"}
{"ts": "2026-06-10T11:59:09.627934+00:00", "level": "INFO", "logger": "pipeline.scrapers.asos", "scraper": "asos", "msg": "  ✓ ASOS DESIGN - Robe mi-longue à dos nu avec liens noués autour du cou - Noir — 29.99€ — ['XS', 'S', 'M', 'L', 'XL', 'XXL', 'XXXL']"}
{"ts": "2026-06-10T11:59:21.191476+00:00", "level": "INFO", "logger": "pipeline.scrapers.asos", "scraper": "asos", "msg": "  ✓ NA-KD - Felicia Wedin - Robe courte en satin à détail foulard - Jaune clair — 35.95€ — ['XL']"}
{"ts": "2026-06-10T11:59:33.739196+00:00", "level": "INFO", "logger": "pipeline.scrapers.asos", "scraper": "asos", "msg": "  ✓ ASOS DESIGN - Robe chasuble longue double épaisseur à volants et imprimé abstrait - Bleu et jaune — 94.99€ — ['XS', 'S', 'M', 'L', 'XL', 'XXL', 'XXXL']"}
{"ts": "2026-06-10T11:59:45.514822+00:00", "level": "INFO", "logger": "pipeline.scrapers.asos", "scraper": "asos", "msg": "  ✓ ASOS DESIGN - Robe longue à épaulettes et encolure bateau avec dos échancré - Noir — 32.99€ — ['XS', 'S', 'M', 'L', 'XL', 'XXL', 'XXXL']"}
{"ts": "2026-06-10T11:59:57.693214+00:00", "level": "INFO", "logger": "pipeline.scrapers.asos", "scraper": "asos", "msg": "  ✓ ASOS DESIGN - Robe d'été courte coupe bandeau en coton et lin - Noir — 27.99€ — ['XS', 'S', 'M', 'L', 'XL', 'XXL', 'XXXL']"}
{"ts": "2026-06-10T12:00:10.634696+00:00", "level": "INFO", "logger": "pipeline.scrapers.asos", "scraper": "asos", "msg": "  ✓ Bershka - Robe mi-longue en lin mélangé à dos nu - Jaune — 32.99€ — ['XS', 'S', 'M', 'L', 'XL']"}
{"ts": "2026-06-10T12:00:21.609047+00:00", "level": "INFO", "logger": "pipeline.scrapers.asos", "scraper": "asos", "msg": "  ✓ ASOS DESIGN - Robe d'été courte boutonnée à encolure carrée - Chocolat chaud — 34.99€ — ['XS', 'S', 'M', 'L', 'XL', 'XXL', 'XXXL']"}
{"ts": "2026-06-10T12:00:33.241477+00:00", "level": "INFO", "logger": "pipeline.scrapers.asos", "scraper": "asos", "msg": "  ✓ ASOS DESIGN - Robe d'été mi-longue et boutonnée à encolure carrée - Chocolat chaud — 42.99€ — ['XS', 'S', 'M', 'L', 'XL', 'XXL', 'XXXL']"}
{"ts": "2026-06-10T12:00:44.256111+00:00", "level": "INFO", "logger": "pipeline.scrapers.asos", "scraper": "asos", "msg": "  ✓ ASOS DESIGN - Robe courte en imitation néoprène avec encolure Bardot torsadée et cape - Blanc — 69.99€ — ['XS', 'S', 'M', 'L', 'XL', 'XXL', 'XXXL']"}
{"ts": "2026-06-10T12:00:57.033450+00:00", "level": "INFO", "logger": "pipeline.scrapers.asos", "scraper": "asos", "msg": "  ✓ Stradivarius - Robe courte avec liens dans le dos - Écru — 29.99€ — ['XS', 'S', 'M', 'L']"}
{"ts": "2026-06-10T12:01:09.317683+00:00", "level": "INFO", "logger": "pipeline.scrapers.asos", "scraper": "asos", "msg": "  ✓ Bershka - Robe mi-longue en dentelle effet froissé - Écru — 25.99€ — ['XS', 'S', 'M', 'L']"}
{"ts": "2026-06-10T12:01:21.504784+00:00", "level": "INFO", "logger": "pipeline.scrapers.asos", "scraper": "asos", "msg": "  ✓ ASOS DESIGN - Robe longue à empiècement en tulle transparent et épaule tombante - Blanc — 54.99€ — ['XS', 'S', 'M', 'L']"}
{"ts": "2026-06-10T12:01:33.867550+00:00", "level": "INFO", "logger": "pipeline.scrapers.asos", "scraper": "asos", "msg": "  ✓ ASOS DESIGN - Robe mi-longue à épaules torsadées et jupe rayée - Babeurre — 42.99€ — ['XS', 'S', 'M', 'L', 'XL', 'XXL', 'XXXL']"}
{"ts": "2026-06-10T12:01:46.075034+00:00", "level": "INFO", "logger": "pipeline.scrapers.asos", "scraper": "asos", "msg": "  ✓ Miss Selfridge - Robe longue au crochet à rayures - Jaune beurre — 47.99€ — ['XS', 'S', 'M', 'L']"}
{"ts": "2026-06-10T12:01:59.386626+00:00", "level": "INFO", "logger": "pipeline.scrapers.asos", "scraper": "asos", "msg": "  ✓ ASOS DESIGN - Robe droite en jean à détail croisé - Jaune — 54.99€ — ['XS', 'S', 'M', 'L', 'XL', 'XXL', 'XXXL']"}
{"ts": "2026-06-10T12:02:12.288297+00:00", "level": "INFO", "logger": "pipeline.scrapers.asos", "scraper": "asos", "msg": "  ✓ Miss Selfridge - Robe longue en maille crochetée - Babeurre — 42.99€ — ['XS', 'S', 'M', 'L']"}
{"ts": "2026-06-10T12:02:23.879914+00:00", "level": "INFO", "logger": "pipeline.scrapers.asos", "scraper": "asos", "msg": "  ✓ ASOS DESIGN - Robe mi-longue à encolure nageur dégagée et surpiqûres - Noir — 24.99€ — ['XS', 'S', 'M', 'L', 'XL', 'XXL', 'XXXL']"}
{"ts": "2026-06-10T12:02:34.283803+00:00", "level": "INFO", "logger": "pipeline.scrapers.asos", "scraper": "asos", "msg": "  ✓ ASOS DESIGN - Robe courte avec nœud - Jaune — 34.99€ — ['XS', 'S', 'M', 'L', 'XL', 'XXL', 'XXXL']"}
{"ts": "2026-06-10T12:02:46.652738+00:00", "level": "INFO", "logger": "pipeline.scrapers.asos", "scraper": "asos", "msg": "  ✓ ASOS DESIGN - Robe longue trapèze - Rouge — 32.99€ — ['XS', 'S', 'M', 'L', 'XL', 'XXL', 'XXXL']"}
{"ts": "2026-06-10T12:02:57.452138+00:00", "level": "INFO", "logger": "pipeline.scrapers.asos", "scraper": "asos", "msg": "  ✓ ASOS DESIGN - Robe mi-longue à imprimé fleuri abstrait avec encolure carrée et surpiqûres — 32.99€ — ['XS', 'S', 'M', 'L', 'XL', 'XXL', 'XXXL']"}
{"ts": "2026-06-10T12:03:08.504544+00:00", "level": "INFO", "logger": "pipeline.scrapers.asos", "scraper": "asos", "msg": "  ✓ ASOS DESIGN - Robe longue avec épaule torsadée et détail noué au dos - Lie-de-vin — 47.99€ — ['XS', 'S', 'M', 'L']"}
{"ts": "2026-06-10T12:03:20.961912+00:00", "level": "INFO", "logger": "pipeline.scrapers.asos", "scraper": "asos", "msg": "  ✓ ASOS DESIGN - Robe courte froncée en tulle à fleurs avec manches effet cascade - Rouge — 42.99€ — ['XS', 'S', 'M', 'L', 'XL', 'XXL', 'XXXL']"}
{"ts": "2026-06-10T12:03:33.816605+00:00", "level": "INFO", "logger": "pipeline.scrapers.asos", "scraper": "asos", "msg": "  ✓ ASOS DESIGN - Robe mi-longue à encolure carrée et surpiqûres - Noir — 29.99€ — ['XS', 'S', 'M', 'L', 'XL', 'XXL', 'XXXL']"}
{"ts": "2026-06-10T12:03:44.469920+00:00", "level": "INFO", "logger": "pipeline.scrapers.asos", "scraper": "asos", "msg": "  ✓ ASOS DESIGN - Robe froncée à pois avec taille basse et encolure montante - Bordeaux — 54.99€ — ['XS', 'S', 'M', 'L']"}
{"ts": "2026-06-10T12:03:55.336459+00:00", "level": "INFO", "logger": "pipeline.scrapers.asos", "scraper": "asos", "msg": "  ✓ ASOS DESIGN - Robe d'été courte et virevoltante en popeline avec dos nu - Citron — 24.99€ — ['XS', 'S', 'M', 'L', 'XL', 'XXL', 'XXXL']"}
{"ts": "2026-06-10T12:04:06.890938+00:00", "level": "INFO", "logger": "pipeline.scrapers.asos", "scraper": "asos", "msg": "  ✓ ASOS DESIGN - Robe longue volumineuse style cape à godets - Baie — 99.99€ — ['XS', 'S', 'M', 'L', 'XL', 'XXL', 'XXXL']"}
{"ts": "2026-06-10T12:04:19.892306+00:00", "level": "INFO", "logger": "pipeline.scrapers.asos", "scraper": "asos", "msg": "  ✓ ASOS DESIGN - Robe courte à encolure carrée et surpiqûres - Noir — 24.99€ — ['XS', 'S', 'M', 'L', 'XL', 'XXL', 'XXXL']"}
{"ts": "2026-06-10T12:04:31.635363+00:00", "level": "INFO", "logger": "pipeline.scrapers.asos", "scraper": "asos", "msg": "  ✓ ASOS DESIGN - Robe courte oversize à ourlet en dentelle - Noir — 32.99€ — ['XS', 'S', 'M', 'L']"}
{"ts": "2026-06-10T12:04:43.305591+00:00", "level": "INFO", "logger": "pipeline.scrapers.asos", "scraper": "asos", "msg": "  ✓ VILA - Robe longue en satin avec bretelles fines et col bénitier - Taupe — 46.99€ — ['XS', 'S', 'M', 'L', 'XL', 'XXL', 'XXXL']"}
{"ts": "2026-06-10T12:04:55.085508+00:00", "level": "INFO", "logger": "pipeline.scrapers.asos", "scraper": "asos", "msg": "  ✓ Bershka - Robe courte en denim - Bleu — 39.99€ — ['XS', 'S', 'M', 'L', 'XL']"}
{"ts": "2026-06-10T12:05:05.151731+00:00", "level": "INFO", "logger": "pipeline.scrapers.asos", "scraper": "asos", "msg": "  ✓ ASOS DESIGN - Ensemble double épaisseur avec corsage coupé en biais et jupe ample - Noir et blanc — 64.99€ — ['XS', 'S', 'M', 'L', 'XL', 'XXL', 'XXXL']"}
{"ts": "2026-06-10T12:05:16.510450+00:00", "level": "INFO", "logger": "pipeline.scrapers.asos", "scraper": "asos", "msg": "  ✓ ASOS DESIGN - Robe mi-longue froissée et boutonnée - Bleu jean — 39.99€ — ['XS', 'S', 'M', 'L', 'XL', 'XXL', 'XXXL']"}
{"ts": "2026-06-10T12:05:26.926129+00:00", "level": "INFO", "logger": "pipeline.scrapers.asos", "scraper": "asos", "msg": "  ✓ ASOS DESIGN - Robe courte à col en V - Vichy rouge — 39.99€ — ['S', 'M', 'L', 'XL', 'XXL']"}
{"ts": "2026-06-10T12:05:37.717725+00:00", "level": "INFO", "logger": "pipeline.scrapers.asos", "scraper": "asos", "msg": "  ✓ ASOS DESIGN - Robe chemise fluide en jean à col polo - Kaki — 47.99€ — ['XS', 'S', 'M', 'L', 'XL', 'XXL', 'XXXL']"}
{"ts": "2026-06-10T12:05:48.176407+00:00", "level": "INFO", "logger": "pipeline.scrapers.asos", "scraper": "asos", "msg": "  ✓ ASOS DESIGN - Robe longue volumineuse à manches cape et godets - Vert à imprimé fleurs — 74.99€ — ['XS', 'S', 'M', 'L', 'XL', 'XXL', 'XXXL']"}
{"ts": "2026-06-10T12:06:01.021882+00:00", "level": "INFO", "logger": "pipeline.scrapers.asos", "scraper": "asos", "msg": "  ✓ ASOS DESIGN - Robe longue trapèze - Noir — 32.99€ — ['XS', 'S', 'M', 'L', 'XL', 'XXL', 'XXXL']"}
{"ts": "2026-06-10T12:06:11.606016+00:00", "level": "INFO", "logger": "pipeline.scrapers.asos", "scraper": "asos", "msg": "  ✓ ASOS DESIGN - Robe mi-longue avec taille à basque - Noir — 34.99€ — ['XS', 'S', 'M', 'L', 'XL', 'XXL', 'XXXL']"}
{"ts": "2026-06-10T12:06:22.714708+00:00", "level": "INFO", "logger": "pipeline.scrapers.asos", "scraper": "asos", "msg": "  ✓ Pull&Bear - Robe courte ornée de perles à bretelles fines - Marron — 32.99€ — ['XS', 'S', 'M', 'L', 'XL']"}
{"ts": "2026-06-10T12:06:34.876339+00:00", "level": "INFO", "logger": "pipeline.scrapers.asos", "scraper": "asos", "msg": "  ✓ ASOS DESIGN - Robe trapèze plissée - Olive — 39.99€ — ['XS', 'S', 'M', 'L', 'XL', 'XXL', 'XXXL']"}
{"ts": "2026-06-10T12:06:46.010448+00:00", "level": "INFO", "logger": "pipeline.scrapers.asos", "scraper": "asos", "msg": "  ✓ ASOS DESIGN - Robe longue à manches blousantes longues avec taille froncée et imprimé floral romantique — 89.99€ — ['XS', 'S', 'M', 'L', 'XL', 'XXL', 'XXXL']"}
{"ts": "2026-06-10T12:06:57.592113+00:00", "level": "INFO", "logger": "pipeline.scrapers.asos", "scraper": "asos", "msg": "  ✓ ASOS DESIGN - Robe courte à encolure dégagée avec nœud à l'avant - Bleu moyen foncé — 36.99€ — ['XS', 'S', 'M', 'L', 'XL', 'XXL', 'XXXL']"}
{"ts": "2026-06-10T12:07:13.168520+00:00", "level": "INFO", "logger": "pipeline.scrapers.asos", "scraper": "asos", "msg": "  ✓ ASOS DESIGN - Robe mi-longue à encolure bateau et détail à la taille - Jaune — 42.99€ — ['XS', 'S', 'M', 'L', 'XL', 'XXL', 'XXXL']"}
{"ts": "2026-06-10T12:07:34.087091+00:00", "level": "INFO", "logger": "pipeline.scrapers.asos", "scraper": "asos", "msg": "  ✓ ASOS DESIGN - Robe trapèze courte - Olive — 17.99€ — ['XS', 'S', 'M', 'L', 'XL', 'XXL', 'XXXL']"}
{"ts": "2026-06-10T12:07:52.867328+00:00", "level": "INFO", "logger": "pipeline.scrapers.asos", "scraper": "asos", "msg": "  ✓ Threadbare - Robe longue en jersey à manches courtes - Noir — 28.99€ — ['XS', 'S', 'M', 'L', 'XL', 'XXL']"}
{"ts": "2026-06-10T12:08:58.851534+00:00", "level": "INFO", "logger": "pipeline.scrapers.asos", "scraper": "asos", "msg": "  ✓ ASOS DESIGN - Robe longueur mollet à découpe - Noir — 39.99€ — ['XS', 'S', 'M', 'L', 'XL', 'XXL', 'XXXL']"}
{"ts": "2026-06-10T12:09:30.135797+00:00", "level": "INFO", "logger": "pipeline.scrapers.asos", "scraper": "asos", "msg": "  ✓ ASOS DESIGN - Robe mi-longue à encolure carrée et surpiqûres - Kaki — 29.99€ — ['XS', 'S', 'M', 'L', 'XL', 'XXL', 'XXXL']"}
{"ts": "2026-06-10T12:09:47.593965+00:00", "level": "INFO", "logger": "pipeline.scrapers.asos", "scraper": "asos", "msg": "  ✓ VILA - Robe longue en satin à col bénitier - Bleu marine — 46.99€ — ['XS', 'S', 'M', 'L', 'XL', 'XXL', 'XXXL']"}
{"ts": "2026-06-10T12:10:06.075853+00:00", "level": "INFO", "logger": "pipeline.scrapers.asos", "scraper": "asos", "msg": "  ✓ ASOS DESIGN - Robe longue en tulle avec buste froncé et détail foulard - Vert sauge — 64.99€ — ['XS', 'S', 'M', 'L']"}
{"ts": "2026-06-10T12:10:19.610693+00:00", "level": "INFO", "logger": "pipeline.scrapers.asos", "scraper": "asos", "msg": "[ASOS] Adulte/Femme/Vêtement — tops"}
{"ts": "2026-06-10T12:10:44.882013+00:00", "level": "INFO", "logger": "pipeline.scrapers.asos", "scraper": "asos", "msg": "[ASOS] 69 URLs trouvées"}
{"ts": "2026-06-10T12:11:03.084673+00:00", "level": "INFO", "logger": "pipeline.scrapers.asos", "scraper": "asos", "msg": "  ✓ Stradivarius - Top à bretelles en polyamide - Jaune — 8.99€ — ['XS', 'S', 'M', 'L', 'XL']"}
{"ts": "2026-06-10T12:11:38.553950+00:00", "level": "INFO", "logger": "pipeline.scrapers.asos", "scraper": "asos", "msg": "  ✓ ASOS DESIGN - Débardeur à taille froncée et encolure décontractée - Blanc — 15.99€ — ['XS', 'S', 'M', 'L']"}
{"ts": "2026-06-10T12:11:53.376027+00:00", "level": "INFO", "logger": "pipeline.scrapers.asos", "scraper": "asos", "msg": "  ✓ New Look - Débardeur boutonné à encolure bateau - Noir — 16.99€ — ['XS', 'S', 'M', 'L', 'XL', 'XXL', 'XXXL']"}
{"ts": "2026-06-10T12:12:08.442543+00:00", "level": "INFO", "logger": "pipeline.scrapers.asos", "scraper": "asos", "msg": "  ✓ JDY - Top dos nu - Marron chocolat — 21.99€ — ['XS', 'S', 'M', 'L', 'XL', 'XXL']"}
{"ts": "2026-06-10T12:12:25.527340+00:00", "level": "INFO", "logger": "pipeline.scrapers.asos", "scraper": "asos", "msg": "  ✓ Pull&Bear - Débardeur classique - Blanc — 9.99€ — ['XS', 'S', 'M', 'L', 'XL']"}
{"ts": "2026-06-10T12:12:39.609117+00:00", "level": "INFO", "logger": "pipeline.scrapers.asos", "scraper": "asos", "msg": "  ✓ Pull&Bear - T-shirt ajusté à manches courtes - Blanc — 9.99€ — ['XS', 'S', 'M', 'L', 'XL']"}
{"ts": "2026-06-10T12:12:51.107119+00:00", "level": "INFO", "logger": "pipeline.scrapers.asos", "scraper": "asos", "msg": "  ✓ Stradivarius - Top à dos nu - Blanc — 12.99€ — ['XS', 'S', 'M', 'L', 'XL']"}
{"ts": "2026-06-10T12:13:04.535021+00:00", "level": "INFO", "logger": "pipeline.scrapers.asos", "scraper": "asos", "msg": "  ✓ Stradivarius - Top à bretelles fines en polyamide - Noir — 8.99€ — ['XS', 'S', 'M', 'L', 'XL']"}
{"ts": "2026-06-10T12:13:20.061850+00:00", "level": "INFO", "logger": "pipeline.scrapers.asos", "scraper": "asos", "msg": "  ✓ ASOS DESIGN - Débardeur nervuré à encolure dégagée et bordures épaisses - Blanc — 7.99€ — ['XS', 'S', 'M', 'L']"}
{"ts": "2026-06-10T12:13:37.427614+00:00", "level": "INFO", "logger": "pipeline.scrapers.asos", "scraper": "asos", "msg": "  ✓ ASOS DESIGN - Débardeur côtelé à col V - Ivoire — 9.99€ — ['XS', 'S', 'M', 'L']"}
{"ts": "2026-06-10T12:13:51.726750+00:00", "level": "INFO", "logger": "pipeline.scrapers.asos", "scraper": "asos", "msg": "  ✓ ASOS DESIGN - Débardeur côtelé à encolure dégagée et bordures épaisses - Chocolat — 7.99€ — ['XS', 'S', 'M', 'L']"}
{"ts": "2026-06-10T12:14:03.426405+00:00", "level": "INFO", "logger": "pipeline.scrapers.asos", "scraper": "asos", "msg": "  ✓ ASOS DESIGN - Débardeur côtelé à encolure dégagée et bordures épaisses - Noir — 7.99€ — ['XS', 'S', 'M', 'L']"}
{"ts": "2026-06-10T12:14:17.093362+00:00", "level": "INFO", "logger": "pipeline.scrapers.asos", "scraper": "asos", "msg": "  ✓ Stradivarius - Top à dos nu - Noir — 12.99€ — ['XS', 'S', 'M', 'L', 'XL']"}
{"ts": "2026-06-10T12:14:27.691216+00:00", "level": "INFO", "logger": "pipeline.scrapers.asos", "scraper": "asos", "msg": "  ✓ Bershka - Top dos nu - Blanc — 9.99€ — ['XS', 'S', 'M', 'L']"}
{"ts": "2026-06-10T12:14:39.938062+00:00", "level": "INFO", "logger": "pipeline.scrapers.asos", "scraper": "asos", "msg": "  ✓ ASOS DESIGN - Top dos nu minimaliste en tissu double épaisseur - Crème — 12.99€ — ['XS', 'S', 'M', 'L']"}
{"ts": "2026-06-10T12:18:37.179158+00:00", "level": "INFO", "logger": "pipeline.scrapers.asos", "scraper": "asos", "msg": "  ✓ Bershka - Top dos nu - Marron — None€ — ['XS', 'S', 'M', 'L']"}
{"ts": "2026-06-10T12:18:50.405558+00:00", "level": "INFO", "logger": "pipeline.scrapers.asos", "scraper": "asos", "msg": "  ✓ Pull&Bear - Body à manches courtes - Noir — 15.99€ — ['XS', 'S', 'M', 'L', 'XL']"}
{"ts": "2026-06-10T12:19:00.929996+00:00", "level": "INFO", "logger": "pipeline.scrapers.asos", "scraper": "asos", "msg": "  ✓ Stradivarius - Body en polyamide à encolure carrée - Écru — 15.99€ — ['XS', 'S', 'M', 'L', 'XL']"}
{"ts": "2026-06-10T12:19:11.313525+00:00", "level": "INFO", "logger": "pipeline.scrapers.asos", "scraper": "asos", "msg": "  ✓ ASOS DESIGN - Body superposé à bonnets préformés - Noir — 29.99€ — ['XS', 'S', 'M', 'L']"}
{"ts": "2026-06-10T12:19:22.869320+00:00", "level": "INFO", "logger": "pipeline.scrapers.asos", "scraper": "asos", "msg": "  ✓ ASOS DESIGN - Body près du corps en polyamide à encolure dégagée - Ivoire — 19.99€ — ['XS', 'S', 'M', 'L']"}
{"ts": "2026-06-10T12:32:12.482207+00:00", "level": "WARNING", "logger": "pipeline.scrapers.asos", "scraper": "asos", "msg": "[ASOS] Erreur sur https://www.asos.com/fr/stradivarius/stradivarius-chemise-fluide-en-lin-melange-rose-pastel/prd/210655105 : Page.goto: net::ERR_INTERNET_DISCONNECTED at https://www.asos.com/fr/stradivarius/stradivarius-chemise-fluide-en-lin-melange-rose-pastel/prd/210655105\nCall log:\nnavigating to \"https://www.asos.com/fr/stradivarius/stradivarius-chemise-fluide-en-lin-melange-rose-pastel/prd/210655105\", waiting until \"domcontentloaded\"\n"}
{"ts": "2026-06-10T12:32:19.784789+00:00", "level": "WARNING", "logger": "pipeline.scrapers.asos", "scraper": "asos", "msg": "[ASOS] Erreur sur https://www.asos.com/fr/stradivarius/stradivarius-chemise-en-lin-melange-blanc/prd/208888500 : Page.goto: net::ERR_INTERNET_DISCONNECTED at https://www.asos.com/fr/stradivarius/stradivarius-chemise-en-lin-melange-blanc/prd/208888500\nCall log:\nnavigating to \"https://www.asos.com/fr/stradivarius/stradivarius-chemise-en-lin-melange-blanc/prd/208888500\", waiting until \"domcontentloaded\"\n"}
{"ts": "2026-06-10T12:32:25.648724+00:00", "level": "WARNING", "logger": "pipeline.scrapers.asos", "scraper": "asos", "msg": "[ASOS] Erreur sur https://www.asos.com/fr/asos-design/asos-design-top-en-tulle-a-manches-ange-avec-dos-ouvert-a-nouer-noir-a-pois/prd/208217374 : Page.goto: net::ERR_INTERNET_DISCONNECTED at https://www.asos.com/fr/asos-design/asos-design-top-en-tulle-a-manches-ange-avec-dos-ouvert-a-nouer-noir-a-pois/prd/208217374\nCall log:\nnavigating to \"https://www.asos.com/fr/asos-design/asos-design-top-en-tulle-a-manches-ange-avec-dos-ouvert-a-nouer-noir-a-pois/prd/208217374\", waiting until \"domcontentloaded\"\n"}
{"ts": "2026-06-10T12:32:29.294605+00:00", "level": "WARNING", "logger": "pipeline.scrapers.asos", "scraper": "asos", "msg": "[ASOS] Erreur sur https://www.asos.com/fr/vero-moda/vero-moda-debardeur-a-pois-avec-encolure-carree-chocolat/prd/210382050 : Page.goto: net::ERR_INTERNET_DISCONNECTED at https://www.asos.com/fr/vero-moda/vero-moda-debardeur-a-pois-avec-encolure-carree-chocolat/prd/210382050\nCall log:\nnavigating to \"https://www.asos.com/fr/vero-moda/vero-moda-debardeur-a-pois-avec-encolure-carree-chocolat/prd/210382050\", waiting until \"domcontentloaded\"\n"}
{"ts": "2026-06-10T12:32:34.216567+00:00", "level": "WARNING", "logger": "pipeline.scrapers.asos", "scraper": "asos", "msg": "[ASOS] Erreur sur https://www.asos.com/fr/bershka/bershka-top-a-pois-et-bretelles-style-foulard-jaune/prd/210662854 : Page.goto: net::ERR_INTERNET_DISCONNECTED at https://www.asos.com/fr/bershka/bershka-top-a-pois-et-bretelles-style-foulard-jaune/prd/210662854\nCall log:\nnavigating to \"https://www.asos.com/fr/bershka/bershka-top-a-pois-et-bretelles-style-foulard-jaune/prd/210662854\", waiting until \"domcontentloaded\"\n"}
{"ts": "2026-06-10T12:32:37.364413+00:00", "level": "WARNING", "logger": "pipeline.scrapers.asos", "scraper": "asos", "msg": "[ASOS] Erreur sur https://www.asos.com/fr/stradivarius/stradivarius-top-cotele-a-bretelles-fines-ecru/prd/210963356 : Page.goto: net::ERR_INTERNET_DISCONNECTED at https://www.asos.com/fr/stradivarius/stradivarius-top-cotele-a-bretelles-fines-ecru/prd/210963356\nCall log:\nnavigating to \"https://www.asos.com/fr/stradivarius/stradivarius-top-cotele-a-bretelles-fines-ecru/prd/210963356\", waiting until \"domcontentloaded\"\n"}
{"ts": "2026-06-10T12:32:40.847950+00:00", "level": "WARNING", "logger": "pipeline.scrapers.asos", "scraper": "asos", "msg": "[ASOS] Erreur sur https://www.asos.com/fr/collusion/collusion-top-bandeau-double-epaisseur-blanc/prd/210124400 : Page.goto: net::ERR_INTERNET_DISCONNECTED at https://www.asos.com/fr/collusion/collusion-top-bandeau-double-epaisseur-blanc/prd/210124400\nCall log:\nnavigating to \"https://www.asos.com/fr/collusion/collusion-top-bandeau-double-epaisseur-blanc/prd/210124400\", waiting until \"domcontentloaded\"\n"}
{"ts": "2026-06-10T12:32:46.201076+00:00", "level": "WARNING", "logger": "pipeline.scrapers.asos", "scraper": "asos", "msg": "[ASOS] Erreur sur https://www.asos.com/fr/stradivarius/stradivarius-top-bandeau-en-polyamide-noir/prd/209044997 : Page.goto: net::ERR_INTERNET_DISCONNECTED at https://www.asos.com/fr/stradivarius/stradivarius-top-bandeau-en-polyamide-noir/prd/209044997\nCall log:\nnavigating to \"https://www.asos.com/fr/stradivarius/stradivarius-top-bandeau-en-polyamide-noir/prd/209044997\", waiting until \"domcontentloaded\"\n"}
{"ts": "2026-06-10T12:32:50.003081+00:00", "level": "WARNING", "logger": "pipeline.scrapers.asos", "scraper": "asos", "msg": "[ASOS] Erreur sur https://www.asos.com/fr/hollister/hollister-top-bandeau-reversible-a-rayures-bleu-marine/prd/210734634 : Page.goto: net::ERR_INTERNET_DISCONNECTED at https://www.asos.com/fr/hollister/hollister-top-bandeau-reversible-a-rayures-bleu-marine/prd/210734634\nCall log:\nnavigating to \"https://www.asos.com/fr/hollister/hollister-top-bandeau-reversible-a-rayures-bleu-marine/prd/210734634\", waiting until \"domcontentloaded\"\n"}
{"ts": "2026-06-10T12:32:54.059972+00:00", "level": "WARNING", "logger": "pipeline.scrapers.asos", "scraper": "asos", "msg": "[ASOS] Erreur sur https://www.asos.com/fr/topshop/topshop-top-bandeau-asymetrique-fronce-avec-fente-sur-le-cote-ivoire/prd/209581222 : Page.goto: net::ERR_INTERNET_DISCONNECTED at https://www.asos.com/fr/topshop/topshop-top-bandeau-asymetrique-fronce-avec-fente-sur-le-cote-ivoire/prd/209581222\nCall log:\nnavigating to \"https://www.asos.com/fr/topshop/topshop-top-bandeau-asymetrique-fronce-avec-fente-sur-le-cote-ivoire/prd/209581222\", waiting until \"domcontentloaded\"\n"}
{"ts": "2026-06-10T12:33:01.625657+00:00", "level": "WARNING", "logger": "pipeline.scrapers.asos", "scraper": "asos", "msg": "[ASOS] Erreur sur https://www.asos.com/fr/bershka/bershka-debardeur-cotele-basique-blanc/prd/210500022 : Page.goto: net::ERR_INTERNET_DISCONNECTED at https://www.asos.com/fr/bershka/bershka-debardeur-cotele-basique-blanc/prd/210500022\nCall log:\nnavigating to \"https://www.asos.com/fr/bershka/bershka-debardeur-cotele-basique-blanc/prd/210500022\", waiting until \"domcontentloaded\"\n"}
{"ts": "2026-06-10T12:33:05.278140+00:00", "level": "WARNING", "logger": "pipeline.scrapers.asos", "scraper": "asos", "msg": "[ASOS] Erreur sur https://www.asos.com/fr/bershka/bershka-debardeur-cotele-basique-noir/prd/210500153 : Page.goto: net::ERR_INTERNET_DISCONNECTED at https://www.asos.com/fr/bershka/bershka-debardeur-cotele-basique-noir/prd/210500153\nCall log:\nnavigating to \"https://www.asos.com/fr/bershka/bershka-debardeur-cotele-basique-noir/prd/210500153\", waiting until \"domcontentloaded\"\n"}
{"ts": "2026-06-10T12:33:09.193187+00:00", "level": "WARNING", "logger": "pipeline.scrapers.asos", "scraper": "asos", "msg": "[ASOS] Erreur sur https://www.asos.com/fr/asos-design/asos-design-debardeur-cotele-a-col-en-v-noir/prd/209632862 : Page.goto: net::ERR_INTERNET_DISCONNECTED at https://www.asos.com/fr/asos-design/asos-design-debardeur-cotele-a-col-en-v-noir/prd/209632862\nCall log:\nnavigating to \"https://www.asos.com/fr/asos-design/asos-design-debardeur-cotele-a-col-en-v-noir/prd/209632862\", waiting until \"domcontentloaded\"\n"}
{"ts": "2026-06-10T12:33:13.288276+00:00", "level": "WARNING", "logger": "pipeline.scrapers.asos", "scraper": "asos", "msg": "[ASOS] Erreur sur https://www.asos.com/fr/pullbear/pullbear-debardeur-classique-noir/prd/210626525 : Page.goto: net::ERR_INTERNET_DISCONNECTED at https://www.asos.com/fr/pullbear/pullbear-debardeur-classique-noir/prd/210626525\nCall log:\nnavigating to \"https://www.asos.com/fr/pullbear/pullbear-debardeur-classique-noir/prd/210626525\", waiting until \"domcontentloaded\"\n"}
{"ts": "2026-06-10T12:33:17.210575+00:00", "level": "WARNING", "logger": "pipeline.scrapers.asos", "scraper": "asos", "msg": "[ASOS] Erreur sur https://www.asos.com/fr/bershka/bershka-t-shirt-coupe-carree-a-imprime-rose/prd/210412520 : Page.goto: net::ERR_INTERNET_DISCONNECTED at https://www.asos.com/fr/bershka/bershka-t-shirt-coupe-carree-a-imprime-rose/prd/210412520\nCall log:\nnavigating to \"https://www.asos.com/fr/bershka/bershka-t-shirt-coupe-carree-a-imprime-rose/prd/210412520\", waiting until \"domcontentloaded\"\n"}
{"ts": "2026-06-10T12:33:23.131806+00:00", "level": "WARNING", "logger": "pipeline.scrapers.asos", "scraper": "asos", "msg": "[ASOS] Erreur sur https://www.asos.com/fr/bershka/bershka-debardeur-cotele-basique-rose/prd/210500137 : Page.goto: net::ERR_INTERNET_DISCONNECTED at https://www.asos.com/fr/bershka/bershka-debardeur-cotele-basique-rose/prd/210500137\nCall log:\nnavigating to \"https://www.asos.com/fr/bershka/bershka-debardeur-cotele-basique-rose/prd/210500137\", waiting until \"domcontentloaded\"\n"}
{"ts": "2026-06-10T12:33:27.409713+00:00", "level": "WARNING", "logger": "pipeline.scrapers.asos", "scraper": "asos", "msg": "[ASOS] Erreur sur https://www.asos.com/fr/stradivarius/stradivarius-top-dos-nu-effet-satine-jaune/prd/210814235 : Page.goto: net::ERR_INTERNET_DISCONNECTED at https://www.asos.com/fr/stradivarius/stradivarius-top-dos-nu-effet-satine-jaune/prd/210814235\nCall log:\nnavigating to \"https://www.asos.com/fr/stradivarius/stradivarius-top-dos-nu-effet-satine-jaune/prd/210814235\", waiting until \"domcontentloaded\"\n"}
{"ts": "2026-06-10T12:33:31.402544+00:00", "level": "WARNING", "logger": "pipeline.scrapers.asos", "scraper": "asos", "msg": "[ASOS] Erreur sur https://www.asos.com/fr/asos-design/asos-design-top-pres-du-corps-en-tulle-avec-decoupe-et-boucle-noir/prd/210175904 : Page.goto: net::ERR_INTERNET_DISCONNECTED at https://www.asos.com/fr/asos-design/asos-design-top-pres-du-corps-en-tulle-avec-decoupe-et-boucle-noir/prd/210175904\nCall log:\nnavigating to \"https://www.asos.com/fr/asos-design/asos-design-top-pres-du-corps-en-tulle-avec-decoupe-et-boucle-noir/prd/210175904\", waiting until \"domcontentloaded\"\n"}
{"ts": "2026-06-10T12:33:35.245057+00:00", "level": "WARNING", "logger": "pipeline.scrapers.asos", "scraper": "asos", "msg": "[ASOS] Erreur sur https://www.asos.com/fr/nike-football/nike-france-coupe-du-monde-26-maillot-domicile-bleu/prd/209712863 : Page.goto: net::ERR_INTERNET_DISCONNECTED at https://www.asos.com/fr/nike-football/nike-france-coupe-du-monde-26-maillot-domicile-bleu/prd/209712863\nCall log:\nnavigating to \"https://www.asos.com/fr/nike-football/nike-france-coupe-du-monde-26-maillot-domicile-bleu/prd/209712863\", waiting until \"domcontentloaded\"\n"}
{"ts": "2026-06-10T12:33:39.735282+00:00", "level": "WARNING", "logger": "pipeline.scrapers.asos", "scraper": "asos", "msg": "[ASOS] Erreur sur https://www.asos.com/fr/adidas-originals/adidas-originals-maillot-de-football-au-crochet-a-rayures-marron-et-vert/prd/209792854 : Page.goto: net::ERR_INTERNET_DISCONNECTED at https://www.asos.com/fr/adidas-originals/adidas-originals-maillot-de-football-au-crochet-a-rayures-marron-et-vert/prd/209792854\nCall log:\nnavigating to \"https://www.asos.com/fr/adidas-originals/adidas-originals-maillot-de-football-au-crochet-a-rayures-marron-et-vert/prd/209792854\", waiting until \"domcontentloaded\"\n"}
{"ts": "2026-06-10T12:33:50.798236+00:00", "level": "WARNING", "logger": "pipeline.scrapers.asos", "scraper": "asos", "msg": "[ASOS] Erreur sur https://www.asos.com/fr/asos-design/asos-design-caraco-a-encolure-degagee-et-bretelles-elastiques-creme/prd/209620196 : Page.goto: net::ERR_INTERNET_DISCONNECTED at https://www.asos.com/fr/asos-design/asos-design-caraco-a-encolure-degagee-et-bretelles-elastiques-creme/prd/209620196\nCall log:\nnavigating to \"https://www.asos.com/fr/asos-design/asos-design-caraco-a-encolure-degagee-et-bretelles-elastiques-creme/prd/209620196\", waiting until \"domcontentloaded\"\n"}
{"ts": "2026-06-10T12:33:55.014161+00:00", "level": "WARNING", "logger": "pipeline.scrapers.asos", "scraper": "asos", "msg": "[ASOS] Erreur sur https://www.asos.com/fr/bershka/bershka-top-volante-a-bretelles-blanc/prd/210672779 : Page.goto: net::ERR_INTERNET_DISCONNECTED at https://www.asos.com/fr/bershka/bershka-top-volante-a-bretelles-blanc/prd/210672779\nCall log:\nnavigating to \"https://www.asos.com/fr/bershka/bershka-top-volante-a-bretelles-blanc/prd/210672779\", waiting until \"domcontentloaded\"\n"}
{"ts": "2026-06-10T12:33:59.266694+00:00", "level": "WARNING", "logger": "pipeline.scrapers.asos", "scraper": "asos", "msg": "[ASOS] Erreur sur https://www.asos.com/fr/stradivarius/stradivarius-top-dos-nu-satine-marron/prd/210559141 : Page.goto: net::ERR_INTERNET_DISCONNECTED at https://www.asos.com/fr/stradivarius/stradivarius-top-dos-nu-satine-marron/prd/210559141\nCall log:\nnavigating to \"https://www.asos.com/fr/stradivarius/stradivarius-top-dos-nu-satine-marron/prd/210559141\", waiting until \"domcontentloaded\"\n"}
{"ts": "2026-06-10T12:34:04.769018+00:00", "level": "WARNING", "logger": "pipeline.scrapers.asos", "scraper": "asos", "msg": "[ASOS] Erreur sur https://www.asos.com/fr/bershka/bershka-top-dos-nu-noir/prd/210757676 : Page.goto: net::ERR_INTERNET_DISCONNECTED at https://www.asos.com/fr/bershka/bershka-top-dos-nu-noir/prd/210757676\nCall log:\nnavigating to \"https://www.asos.com/fr/bershka/bershka-top-dos-nu-noir/prd/210757676\", waiting until \"domcontentloaded\"\n"}
{"ts": "2026-06-10T12:34:10.633038+00:00", "level": "WARNING", "logger": "pipeline.scrapers.asos", "scraper": "asos", "msg": "[ASOS] Erreur sur https://www.asos.com/fr/pullbear/pullbear-t-shirt-ajuste-a-manches-courtes-noir/prd/210479190 : Page.goto: net::ERR_INTERNET_DISCONNECTED at https://www.asos.com/fr/pullbear/pullbear-t-shirt-ajuste-a-manches-courtes-noir/prd/210479190\nCall log:\nnavigating to \"https://www.asos.com/fr/pullbear/pullbear-t-shirt-ajuste-a-manches-courtes-noir/prd/210479190\", waiting until \"domcontentloaded\"\n"}
{"ts": "2026-06-10T12:34:14.095627+00:00", "level": "WARNING", "logger": "pipeline.scrapers.asos", "scraper": "asos", "msg": "[ASOS] Erreur sur https://www.asos.com/fr/pullbear/pullbear-t-shirt-oversize-a-manches-courtes-blanc/prd/210479060 : Page.goto: net::ERR_INTERNET_DISCONNECTED at https://www.asos.com/fr/pullbear/pullbear-t-shirt-oversize-a-manches-courtes-blanc/prd/210479060\nCall log:\nnavigating to \"https://www.asos.com/fr/pullbear/pullbear-t-shirt-oversize-a-manches-courtes-blanc/prd/210479060\", waiting until \"domcontentloaded\"\n"}
{"ts": "2026-06-10T12:34:19.184608+00:00", "level": "WARNING", "logger": "pipeline.scrapers.asos", "scraper": "asos", "msg": "[ASOS] Erreur sur https://www.asos.com/fr/bershka/bershka-top-a-volants-et-a-bretelles-noir/prd/210870181 : Page.goto: net::ERR_INTERNET_DISCONNECTED at https://www.asos.com/fr/bershka/bershka-top-a-volants-et-a-bretelles-noir/prd/210870181\nCall log:\nnavigating to \"https://www.asos.com/fr/bershka/bershka-top-a-volants-et-a-bretelles-noir/prd/210870181\", waiting until \"domcontentloaded\"\n"}
{"ts": "2026-06-10T12:34:23.314018+00:00", "level": "WARNING", "logger": "pipeline.scrapers.asos", "scraper": "asos", "msg": "[ASOS] Erreur sur https://www.asos.com/fr/stradivarius/stradivarius-debardeur-a-encolure-carree-jaune-pastel/prd/210628560 : Page.goto: net::ERR_INTERNET_DISCONNECTED at https://www.asos.com/fr/stradivarius/stradivarius-debardeur-a-encolure-carree-jaune-pastel/prd/210628560\nCall log:\nnavigating to \"https://www.asos.com/fr/stradivarius/stradivarius-debardeur-a-encolure-carree-jaune-pastel/prd/210628560\", waiting until \"domcontentloaded\"\n"}
{"ts": "2026-06-10T12:34:28.233406+00:00", "level": "WARNING", "logger": "pipeline.scrapers.asos", "scraper": "asos", "msg": "[ASOS] Erreur sur https://www.asos.com/fr/asos-design/asos-design-t-shirt-effet-retreci-epure-a-manches-courtes-blanc/prd/210500467 : Page.goto: net::ERR_INTERNET_DISCONNECTED at https://www.asos.com/fr/asos-design/asos-design-t-shirt-effet-retreci-epure-a-manches-courtes-blanc/prd/210500467\nCall log:\nnavigating to \"https://www.asos.com/fr/asos-design/asos-design-t-shirt-effet-retreci-epure-a-manches-courtes-blanc/prd/210500467\", waiting until \"domcontentloaded\"\n"}
{"ts": "2026-06-10T12:34:33.512799+00:00", "level": "WARNING", "logger": "pipeline.scrapers.asos", "scraper": "asos", "msg": "[ASOS] Erreur sur https://www.asos.com/fr/bershka/bershka-debardeur-cotele-noir/prd/210571684 : Page.goto: net::ERR_INTERNET_DISCONNECTED at https://www.asos.com/fr/bershka/bershka-debardeur-cotele-noir/prd/210571684\nCall log:\nnavigating to \"https://www.asos.com/fr/bershka/bershka-debardeur-cotele-noir/prd/210571684\", waiting until \"domcontentloaded\"\n"}
{"ts": "2026-06-10T12:34:37.075970+00:00", "level": "WARNING", "logger": "pipeline.scrapers.asos", "scraper": "asos", "msg": "[ASOS] Erreur sur https://www.asos.com/fr/vero-moda/vero-moda-top-brode-a-col-montant-et-manches-evasees-blanc/prd/206518094 : Page.goto: net::ERR_INTERNET_DISCONNECTED at https://www.asos.com/fr/vero-moda/vero-moda-top-brode-a-col-montant-et-manches-evasees-blanc/prd/206518094\nCall log:\nnavigating to \"https://www.asos.com/fr/vero-moda/vero-moda-top-brode-a-col-montant-et-manches-evasees-blanc/prd/206518094\", waiting until \"domcontentloaded\"\n"}
{"ts": "2026-06-10T12:34:49.505461+00:00", "level": "WARNING", "logger": "pipeline.scrapers.asos", "scraper": "asos", "msg": "[ASOS] Erreur sur https://www.asos.com/fr/asos-design/asos-design-top-fronce-en-tulle-a-manches-courtes-noir/prd/207169076 : Page.goto: net::ERR_INTERNET_DISCONNECTED at https://www.asos.com/fr/asos-design/asos-design-top-fronce-en-tulle-a-manches-courtes-noir/prd/207169076\nCall log:\nnavigating to \"https://www.asos.com/fr/asos-design/asos-design-top-fronce-en-tulle-a-manches-courtes-noir/prd/207169076\", waiting until \"domcontentloaded\"\n"}
{"ts": "2026-06-10T12:34:55.533830+00:00", "level": "WARNING", "logger": "pipeline.scrapers.asos", "scraper": "asos", "msg": "[ASOS] Erreur sur https://www.asos.com/fr/bershka/bershka-top-a-manches-longues-noir/prd/209439484 : Page.goto: net::ERR_INTERNET_DISCONNECTED at https://www.asos.com/fr/bershka/bershka-top-a-manches-longues-noir/prd/209439484\nCall log:\nnavigating to \"https://www.asos.com/fr/bershka/bershka-top-a-manches-longues-noir/prd/209439484\", waiting until \"domcontentloaded\"\n"}
{"ts": "2026-06-10T12:35:01.200659+00:00", "level": "WARNING", "logger": "pipeline.scrapers.asos", "scraper": "asos", "msg": "[ASOS] Erreur sur https://www.asos.com/fr/asos-design/asos-design-chemise-style-cache-cur-a-manches-cocon-noir/prd/209438326 : Page.goto: net::ERR_INTERNET_DISCONNECTED at https://www.asos.com/fr/asos-design/asos-design-chemise-style-cache-cur-a-manches-cocon-noir/prd/209438326\nCall log:\nnavigating to \"https://www.asos.com/fr/asos-design/asos-design-chemise-style-cache-cur-a-manches-cocon-noir/prd/209438326\", waiting until \"domcontentloaded\"\n"}
{"ts": "2026-06-10T12:35:06.525552+00:00", "level": "WARNING", "logger": "pipeline.scrapers.asos", "scraper": "asos", "msg": "[ASOS] Erreur sur https://www.asos.com/fr/asos-design/asos-design-chemise-sans-manches-a-rayures-ouverte-dans-le-dos/prd/210347011 : Page.goto: net::ERR_INTERNET_DISCONNECTED at https://www.asos.com/fr/asos-design/asos-design-chemise-sans-manches-a-rayures-ouverte-dans-le-dos/prd/210347011\nCall log:\nnavigating to \"https://www.asos.com/fr/asos-design/asos-design-chemise-sans-manches-a-rayures-ouverte-dans-le-dos/prd/210347011\", waiting until \"domcontentloaded\"\n"}
{"ts": "2026-06-10T12:35:10.557188+00:00", "level": "WARNING", "logger": "pipeline.scrapers.asos", "scraper": "asos", "msg": "[ASOS] Erreur sur https://www.asos.com/fr/bershka/bershka-debardeur-cotele-basique-bleu-marine/prd/210500199 : Page.goto: net::ERR_INTERNET_DISCONNECTED at https://www.asos.com/fr/bershka/bershka-debardeur-cotele-basique-bleu-marine/prd/210500199\nCall log:\nnavigating to \"https://www.asos.com/fr/bershka/bershka-debardeur-cotele-basique-bleu-marine/prd/210500199\", waiting until \"domcontentloaded\"\n"}
{"ts": "2026-06-10T12:35:16.212992+00:00", "level": "WARNING", "logger": "pipeline.scrapers.asos", "scraper": "asos", "msg": "[ASOS] Erreur sur https://www.asos.com/fr/asos-design/asos-design-t-shirt-epure-effet-retreci-a-manches-courtes-babeurre/prd/210500411 : Page.goto: net::ERR_INTERNET_DISCONNECTED at https://www.asos.com/fr/asos-design/asos-design-t-shirt-epure-effet-retreci-a-manches-courtes-babeurre/prd/210500411\nCall log:\nnavigating to \"https://www.asos.com/fr/asos-design/asos-design-t-shirt-epure-effet-retreci-a-manches-courtes-babeurre/prd/210500411\", waiting until \"domcontentloaded\"\n"}
{"ts": "2026-06-10T12:35:22.041905+00:00", "level": "WARNING", "logger": "pipeline.scrapers.asos", "scraper": "asos", "msg": "[ASOS] Erreur sur https://www.asos.com/fr/pullbear/pullbear-debardeur-en-lin-melange-avec-liens-sur-les-cotes-noir/prd/210561758 : Page.goto: net::ERR_INTERNET_DISCONNECTED at https://www.asos.com/fr/pullbear/pullbear-debardeur-en-lin-melange-avec-liens-sur-les-cotes-noir/prd/210561758\nCall log:\nnavigating to \"https://www.asos.com/fr/pullbear/pullbear-debardeur-en-lin-melange-avec-liens-sur-les-cotes-noir/prd/210561758\", waiting until \"domcontentloaded\"\n"}
{"ts": "2026-06-10T12:35:25.345160+00:00", "level": "WARNING", "logger": "pipeline.scrapers.asos", "scraper": "asos", "msg": "[ASOS] Erreur sur https://www.asos.com/fr/bershka/bershka-t-shirt-asymetrique-imprime-a-manches-courtes-noir/prd/210413613 : Page.goto: net::ERR_INTERNET_DISCONNECTED at https://www.asos.com/fr/bershka/bershka-t-shirt-asymetrique-imprime-a-manches-courtes-noir/prd/210413613\nCall log:\nnavigating to \"https://www.asos.com/fr/bershka/bershka-t-shirt-asymetrique-imprime-a-manches-courtes-noir/prd/210413613\", waiting until \"domcontentloaded\"\n"}
{"ts": "2026-06-10T12:35:29.654130+00:00", "level": "WARNING", "logger": "pipeline.scrapers.asos", "scraper": "asos", "msg": "[ASOS] Erreur sur https://www.asos.com/fr/stradivarius/stradivarius-top-a-bretelles-fines-en-polyamide-ecru/prd/208908479 : Page.goto: net::ERR_INTERNET_DISCONNECTED at https://www.asos.com/fr/stradivarius/stradivarius-top-a-bretelles-fines-en-polyamide-ecru/prd/208908479\nCall log:\nnavigating to \"https://www.asos.com/fr/stradivarius/stradivarius-top-a-bretelles-fines-en-polyamide-ecru/prd/208908479\", waiting until \"domcontentloaded\"\n"}
{"ts": "2026-06-10T12:35:42.317082+00:00", "level": "WARNING", "logger": "pipeline.scrapers.asos", "scraper": "asos", "msg": "[ASOS] Erreur sur https://www.asos.com/fr/stradivarius/stradivarius-t-shirt-coupe-classique-epais-ecru/prd/208757113 : Page.goto: net::ERR_INTERNET_DISCONNECTED at https://www.asos.com/fr/stradivarius/stradivarius-t-shirt-coupe-classique-epais-ecru/prd/208757113\nCall log:\nnavigating to \"https://www.asos.com/fr/stradivarius/stradivarius-t-shirt-coupe-classique-epais-ecru/prd/208757113\", waiting until \"domcontentloaded\"\n"}
{"ts": "2026-06-10T12:35:46.002679+00:00", "level": "WARNING", "logger": "pipeline.scrapers.asos", "scraper": "asos", "msg": "[ASOS] Erreur sur https://www.asos.com/fr/asos-design/asos-design-caraco-a-encolure-degagee-et-bretelles-elastiques-bleu-marine/prd/210081121 : Page.goto: net::ERR_INTERNET_DISCONNECTED at https://www.asos.com/fr/asos-design/asos-design-caraco-a-encolure-degagee-et-bretelles-elastiques-bleu-marine/prd/210081121\nCall log:\nnavigating to \"https://www.asos.com/fr/asos-design/asos-design-caraco-a-encolure-degagee-et-bretelles-elastiques-bleu-marine/prd/210081121\", waiting until \"domcontentloaded\"\n"}
{"ts": "2026-06-10T12:35:50.730538+00:00", "level": "WARNING", "logger": "pipeline.scrapers.asos", "scraper": "asos", "msg": "[ASOS] Erreur sur https://www.asos.com/fr/asos-design/asos-design-debardeur-en-coton-compact-avec-detail-metallique-dore-noir/prd/210458493 : Page.goto: net::ERR_INTERNET_DISCONNECTED at https://www.asos.com/fr/asos-design/asos-design-debardeur-en-coton-compact-avec-detail-metallique-dore-noir/prd/210458493\nCall log:\nnavigating to \"https://www.asos.com/fr/asos-design/asos-design-debardeur-en-coton-compact-avec-detail-metallique-dore-noir/prd/210458493\", waiting until \"domcontentloaded\"\n"}
{"ts": "2026-06-10T12:35:56.028778+00:00", "level": "WARNING", "logger": "pipeline.scrapers.asos", "scraper": "asos", "msg": "[ASOS] Erreur sur https://www.asos.com/fr/stradivarius/stradivarius-t-shirt-basique-et-ajuste-blanc/prd/210051860 : Page.goto: net::ERR_INTERNET_DISCONNECTED at https://www.asos.com/fr/stradivarius/stradivarius-t-shirt-basique-et-ajuste-blanc/prd/210051860\nCall log:\nnavigating to \"https://www.asos.com/fr/stradivarius/stradivarius-t-shirt-basique-et-ajuste-blanc/prd/210051860\", waiting until \"domcontentloaded\"\n"}
{"ts": "2026-06-10T12:35:59.845703+00:00", "level": "WARNING", "logger": "pipeline.scrapers.asos", "scraper": "asos", "msg": "[ASOS] Erreur sur https://www.asos.com/fr/asos-design/asos-design-caraco-a-encolure-degagee-et-bretelles-elastiques-noir/prd/209632910 : Page.goto: net::ERR_INTERNET_DISCONNECTED at https://www.asos.com/fr/asos-design/asos-design-caraco-a-encolure-degagee-et-bretelles-elastiques-noir/prd/209632910\nCall log:\nnavigating to \"https://www.asos.com/fr/asos-design/asos-design-caraco-a-encolure-degagee-et-bretelles-elastiques-noir/prd/209632910\", waiting until \"domcontentloaded\"\n"}
{"ts": "2026-06-10T12:36:03.993314+00:00", "level": "WARNING", "logger": "pipeline.scrapers.asos", "scraper": "asos", "msg": "[ASOS] Erreur sur https://www.asos.com/fr/asos-design/asos-design-caraco-a-encolure-degagee-et-bretelles-elastiques-chocolat/prd/209632962 : Page.goto: net::ERR_INTERNET_DISCONNECTED at https://www.asos.com/fr/asos-design/asos-design-caraco-a-encolure-degagee-et-bretelles-elastiques-chocolat/prd/209632962\nCall log:\nnavigating to \"https://www.asos.com/fr/asos-design/asos-design-caraco-a-encolure-degagee-et-bretelles-elastiques-chocolat/prd/209632962\", waiting until \"domcontentloaded\"\n"}
{"ts": "2026-06-10T12:36:07.271853+00:00", "level": "WARNING", "logger": "pipeline.scrapers.asos", "scraper": "asos", "msg": "[ASOS] Erreur sur https://www.asos.com/fr/asos-design/asos-design-debardeur-cotele-a-colv-bleu-marine/prd/209632882 : Page.goto: net::ERR_INTERNET_DISCONNECTED at https://www.asos.com/fr/asos-design/asos-design-debardeur-cotele-a-colv-bleu-marine/prd/209632882\nCall log:\nnavigating to \"https://www.asos.com/fr/asos-design/asos-design-debardeur-cotele-a-colv-bleu-marine/prd/209632882\", waiting until \"domcontentloaded\"\n"}
{"ts": "2026-06-10T12:36:11.537793+00:00", "level": "WARNING", "logger": "pipeline.scrapers.asos", "scraper": "asos", "msg": "[ASOS] Erreur sur https://www.asos.com/fr/bershka/bershka-top-a-bretelles-blanc/prd/209176900 : Page.goto: net::ERR_INTERNET_DISCONNECTED at https://www.asos.com/fr/bershka/bershka-top-a-bretelles-blanc/prd/209176900\nCall log:\nnavigating to \"https://www.asos.com/fr/bershka/bershka-top-a-bretelles-blanc/prd/209176900\", waiting until \"domcontentloaded\"\n"}
{"ts": "2026-06-10T12:36:16.073531+00:00", "level": "WARNING", "logger": "pipeline.scrapers.asos", "scraper": "asos", "msg": "[ASOS] Erreur sur https://www.asos.com/fr/topshop/topshop-t-shirt-a-manches-chauve-souris-blanc/prd/210538351 : Page.goto: net::ERR_INTERNET_DISCONNECTED at https://www.asos.com/fr/topshop/topshop-t-shirt-a-manches-chauve-souris-blanc/prd/210538351\nCall log:\nnavigating to \"https://www.asos.com/fr/topshop/topshop-t-shirt-a-manches-chauve-souris-blanc/prd/210538351\", waiting until \"domcontentloaded\"\n"}
{"ts": "2026-06-10T12:36:37.500585+00:00", "level": "INFO", "logger": "pipeline.scrapers.asos", "scraper": "asos", "msg": "[ASOS] Adulte/Femme/Vêtement — manteaux-et-vestes"}
{"ts": "2026-06-10T12:36:37.792716+00:00", "level": "ERROR", "logger": "__main__", "scraper": "__main__", "msg": "ASOS échoué : Page.goto: net::ERR_INTERNET_DISCONNECTED at https://www.asos.com/fr/femme/manteaux-et-vestes/cat/?cid=2641\nCall log:\nnavigating to \"https://www.asos.com/fr/femme/manteaux-et-vestes/cat/?cid=2641\", waiting until \"domcontentloaded\"\n"}
{"ts": "2026-06-10T12:36:37.794268+00:00", "level": "WARNING", "logger": "__main__", "scraper": "__main__", "msg": "Aucun produit collecté. Fin du programme."}

Run 20260610T095812 — 0 produits collectés
